[     220ms] [INFO] %cDownload the React DevTools for a better development experience: https://react.dev/link/react-devtools font-weight:bold @ http://localhost:4011/_next/static/chunks/node_modules_next_dist_1e8vcs8._.js:776
[     306ms] [LOG] [HMR] connected @ http://localhost:4011/_next/static/chunks/node_modules_next_dist_1e8vcs8._.js:776
[     441ms] [ERROR] Failed to load resource: the server responded with a status of 401 (Unauthorized) @ http://localhost:4001/v2/auth/me:0
[     443ms] [ERROR] Failed to load resource: the server responded with a status of 401 (Unauthorized) @ http://localhost:4001/v2/auth/me:0
[     449ms] [ERROR] Failed to load resource: the server responded with a status of 401 (Unauthorized) @ http://localhost:4001/v2/auth/refresh:0
[     652ms] [VERBOSE] [DOM] Input elements should have autocomplete attributes (suggested: "current-password"): (More info: https://goo.gl/9p2vKq) %o @ http://localhost:4011/login:0
[     708ms] [INFO] %cDownload the React DevTools for a better development experience: https://react.dev/link/react-devtools font-weight:bold @ http://localhost:4011/_next/static/chunks/node_modules_next_dist_1e8vcs8._.js:776
[     745ms] [LOG] [HMR] connected @ http://localhost:4011/_next/static/chunks/node_modules_next_dist_1e8vcs8._.js:776
[     813ms] [WARNING] Image with src "/admin-background.jpg" is using quality "100" which is not configured in images.qualities [70, 70, 70, 70, 70, 70, 70, 70, 70, 70, 70, 70, 70, 70, 70, 70, 70, 70, 70, 70, 70, 70, 70, 70, 70, 70, 70, 70, 70, 70, 70, 70, 70, 70, 75]. Please update your config to [100, 70, 70, 70, 70, 70, 70, 70, 70, 70, 70, 70, 70, 70, 70, 70, 70, 70, 70, 70, 70, 70, 70, 70, 70, 70, 70, 70, 70, 70, 70, 70, 70, 70, 70, 75].
Read more: https://nextjs.org/docs/messages/next-image-unconfigured-qualities @ http://localhost:4011/_next/static/chunks/node_modules_next_dist_1e8vcs8._.js:776
[     813ms] [WARNING] Image with src "/admin-background.jpg" has legacy prop "layout". Did you forget to run the codemod?
Read more: https://nextjs.org/docs/messages/next-image-upgrade-to-13 @ http://localhost:4011/_next/static/chunks/node_modules_next_dist_1e8vcs8._.js:776
[     814ms] [WARNING] Image with src "/admin-background.jpg" has legacy prop "objectFit". Did you forget to run the codemod?
Read more: https://nextjs.org/docs/messages/next-image-upgrade-to-13 @ http://localhost:4011/_next/static/chunks/node_modules_next_dist_1e8vcs8._.js:776
[     918ms] [ERROR] Failed to load resource: the server responded with a status of 401 (Unauthorized) @ http://localhost:4001/v2/auth/me:0
[     921ms] [ERROR] Failed to load resource: the server responded with a status of 401 (Unauthorized) @ http://localhost:4001/v2/auth/me:0
[     922ms] [ERROR] Failed to load resource: the server responded with a status of 401 (Unauthorized) @ http://localhost:4001/v2/auth/refresh:0
[    1046ms] [VERBOSE] [DOM] Input elements should have autocomplete attributes (suggested: "current-password"): (More info: https://goo.gl/9p2vKq) %o @ http://localhost:4011/login:0
[    1071ms] [INFO] %cDownload the React DevTools for a better development experience: https://react.dev/link/react-devtools font-weight:bold @ http://localhost:4011/_next/static/chunks/node_modules_next_dist_1e8vcs8._.js:776
[    1114ms] [LOG] [HMR] connected @ http://localhost:4011/_next/static/chunks/node_modules_next_dist_1e8vcs8._.js:776
[    1195ms] [WARNING] Image with src "/admin-background.jpg" is using quality "100" which is not configured in images.qualities [70, 70, 70, 70, 70, 70, 70, 70, 70, 70, 70, 70, 70, 70, 70, 70, 70, 70, 70, 70, 70, 70, 70, 70, 70, 70, 70, 70, 70, 70, 70, 70, 70, 70, 75]. Please update your config to [100, 70, 70, 70, 70, 70, 70, 70, 70, 70, 70, 70, 70, 70, 70, 70, 70, 70, 70, 70, 70, 70, 70, 70, 70, 70, 70, 70, 70, 70, 70, 70, 70, 70, 70, 75].
Read more: https://nextjs.org/docs/messages/next-image-unconfigured-qualities @ http://localhost:4011/_next/static/chunks/node_modules_next_dist_1e8vcs8._.js:776
[    1196ms] [WARNING] Image with src "/admin-background.jpg" has legacy prop "layout". Did you forget to run the codemod?
Read more: https://nextjs.org/docs/messages/next-image-upgrade-to-13 @ http://localhost:4011/_next/static/chunks/node_modules_next_dist_1e8vcs8._.js:776
[    1196ms] [WARNING] Image with src "/admin-background.jpg" has legacy prop "objectFit". Did you forget to run the codemod?
Read more: https://nextjs.org/docs/messages/next-image-upgrade-to-13 @ http://localhost:4011/_next/static/chunks/node_modules_next_dist_1e8vcs8._.js:776
[    1261ms] [ERROR] Failed to load resource: the server responded with a status of 401 (Unauthorized) @ http://localhost:4001/v2/auth/me:0
[    1261ms] [ERROR] Failed to load resource: the server responded with a status of 401 (Unauthorized) @ http://localhost:4001/v2/auth/me:0
[    1264ms] [ERROR] Failed to load resource: the server responded with a status of 401 (Unauthorized) @ http://localhost:4001/v2/auth/refresh:0
[    1424ms] [VERBOSE] [DOM] Input elements should have autocomplete attributes (suggested: "current-password"): (More info: https://goo.gl/9p2vKq) %o @ http://localhost:4011/login:0
[    1433ms] [INFO] %cDownload the React DevTools for a better development experience: https://react.dev/link/react-devtools font-weight:bold @ http://localhost:4011/_next/static/chunks/node_modules_next_dist_1e8vcs8._.js:776
[    1453ms] [LOG] [HMR] connected @ http://localhost:4011/_next/static/chunks/node_modules_next_dist_1e8vcs8._.js:776
[    1506ms] [WARNING] Image with src "/admin-background.jpg" is using quality "100" which is not configured in images.qualities [70, 70, 70, 70, 70, 70, 70, 70, 70, 70, 70, 70, 70, 70, 70, 70, 70, 70, 70, 70, 70, 70, 70, 70, 70, 70, 70, 70, 70, 70, 70, 70, 70, 70, 75]. Please update your config to [100, 70, 70, 70, 70, 70, 70, 70, 70, 70, 70, 70, 70, 70, 70, 70, 70, 70, 70, 70, 70, 70, 70, 70, 70, 70, 70, 70, 70, 70, 70, 70, 70, 70, 70, 75].
Read more: https://nextjs.org/docs/messages/next-image-unconfigured-qualities @ http://localhost:4011/_next/static/chunks/node_modules_next_dist_1e8vcs8._.js:776
[    1506ms] [WARNING] Image with src "/admin-background.jpg" has legacy prop "layout". Did you forget to run the codemod?
Read more: https://nextjs.org/docs/messages/next-image-upgrade-to-13 @ http://localhost:4011/_next/static/chunks/node_modules_next_dist_1e8vcs8._.js:776
[    1506ms] [WARNING] Image with src "/admin-background.jpg" has legacy prop "objectFit". Did you forget to run the codemod?
Read more: https://nextjs.org/docs/messages/next-image-upgrade-to-13 @ http://localhost:4011/_next/static/chunks/node_modules_next_dist_1e8vcs8._.js:776
[    1556ms] [ERROR] Failed to load resource: the server responded with a status of 401 (Unauthorized) @ http://localhost:4001/v2/auth/me:0
[    1559ms] [ERROR] Failed to load resource: the server responded with a status of 401 (Unauthorized) @ http://localhost:4001/v2/auth/me:0
[    1559ms] [ERROR] Failed to load resource: the server responded with a status of 401 (Unauthorized) @ http://localhost:4001/v2/auth/refresh:0
[    1722ms] [VERBOSE] [DOM] Input elements should have autocomplete attributes (suggested: "current-password"): (More info: https://goo.gl/9p2vKq) %o @ http://localhost:4011/login:0
[    1734ms] [INFO] %cDownload the React DevTools for a better development experience: https://react.dev/link/react-devtools font-weight:bold @ http://localhost:4011/_next/static/chunks/node_modules_next_dist_1e8vcs8._.js:776
[    1759ms] [LOG] [HMR] connected @ http://localhost:4011/_next/static/chunks/node_modules_next_dist_1e8vcs8._.js:776
[    1814ms] [WARNING] Image with src "/admin-background.jpg" is using quality "100" which is not configured in images.qualities [70, 70, 70, 70, 70, 70, 70, 70, 70, 70, 70, 70, 70, 70, 70, 70, 70, 70, 70, 70, 70, 70, 70, 70, 70, 70, 70, 70, 70, 70, 70, 70, 70, 70, 75]. Please update your config to [100, 70, 70, 70, 70, 70, 70, 70, 70, 70, 70, 70, 70, 70, 70, 70, 70, 70, 70, 70, 70, 70, 70, 70, 70, 70, 70, 70, 70, 70, 70, 70, 70, 70, 70, 75].
Read more: https://nextjs.org/docs/messages/next-image-unconfigured-qualities @ http://localhost:4011/_next/static/chunks/node_modules_next_dist_1e8vcs8._.js:776
[    1814ms] [WARNING] Image with src "/admin-background.jpg" has legacy prop "layout". Did you forget to run the codemod?
Read more: https://nextjs.org/docs/messages/next-image-upgrade-to-13 @ http://localhost:4011/_next/static/chunks/node_modules_next_dist_1e8vcs8._.js:776
[    1814ms] [WARNING] Image with src "/admin-background.jpg" has legacy prop "objectFit". Did you forget to run the codemod?
Read more: https://nextjs.org/docs/messages/next-image-upgrade-to-13 @ http://localhost:4011/_next/static/chunks/node_modules_next_dist_1e8vcs8._.js:776
[    1870ms] [ERROR] Failed to load resource: the server responded with a status of 401 (Unauthorized) @ http://localhost:4001/v2/auth/me:0
[    1872ms] [ERROR] Failed to load resource: the server responded with a status of 401 (Unauthorized) @ http://localhost:4001/v2/auth/me:0
[    1873ms] [ERROR] Failed to load resource: the server responded with a status of 401 (Unauthorized) @ http://localhost:4001/v2/auth/refresh:0
[    2174ms] [VERBOSE] [DOM] Input elements should have autocomplete attributes (suggested: "current-password"): (More info: https://goo.gl/9p2vKq) %o @ http://localhost:4011/login:0
[    2240ms] [INFO] %cDownload the React DevTools for a better development experience: https://react.dev/link/react-devtools font-weight:bold @ http://localhost:4011/_next/static/chunks/node_modules_next_dist_1e8vcs8._.js:776
[    2257ms] [LOG] [HMR] connected @ http://localhost:4011/_next/static/chunks/node_modules_next_dist_1e8vcs8._.js:776
[    2330ms] [WARNING] Image with src "/admin-background.jpg" is using quality "100" which is not configured in images.qualities [70, 70, 70, 70, 70, 70, 70, 70, 70, 70, 70, 70, 70, 70, 70, 70, 70, 70, 70, 70, 70, 70, 70, 70, 70, 70, 70, 70, 70, 70, 70, 70, 70, 70, 75]. Please update your config to [100, 70, 70, 70, 70, 70, 70, 70, 70, 70, 70, 70, 70, 70, 70, 70, 70, 70, 70, 70, 70, 70, 70, 70, 70, 70, 70, 70, 70, 70, 70, 70, 70, 70, 70, 75].
Read more: https://nextjs.org/docs/messages/next-image-unconfigured-qualities @ http://localhost:4011/_next/static/chunks/node_modules_next_dist_1e8vcs8._.js:776
[    2330ms] [WARNING] Image with src "/admin-background.jpg" has legacy prop "layout". Did you forget to run the codemod?
Read more: https://nextjs.org/docs/messages/next-image-upgrade-to-13 @ http://localhost:4011/_next/static/chunks/node_modules_next_dist_1e8vcs8._.js:776
[    2330ms] [WARNING] Image with src "/admin-background.jpg" has legacy prop "objectFit". Did you forget to run the codemod?
Read more: https://nextjs.org/docs/messages/next-image-upgrade-to-13 @ http://localhost:4011/_next/static/chunks/node_modules_next_dist_1e8vcs8._.js:776
[    2352ms] Error: Hydration failed because the server rendered HTML didn't match the client. As a result this tree will be regenerated on the client. This can happen if a SSR-ed Client Component used:

- A server/client branch `if (typeof window !== 'undefined')`.
- Variable input such as `Date.now()` or `Math.random()` which changes each time it's called.
- Date formatting in a user's locale which doesn't match the server.
- External changing data without sending a snapshot of it along with the HTML.
- Invalid HTML tag nesting.

It can also happen if the client has a browser extension installed which messes with the HTML before React loaded.

https://react.dev/link/hydration-mismatch

  ...
    <ThemeProvider theme={{...}}>
      <RtlProvider value={false}>
        <DefaultPropsProvider value={{...}}>
          <UploadingProvider>
            <Styled(Component) open={false} transitionDuration={300}>
              <Insertion>
              <Backdrop open={false} transitionDuration={300} className="css-1xcwhj1">
                <Fade in={false} timeout={300} ref={null} ownerState={{open:false, ...}}>
                  <Transition appear={true} in={false} nodeRef={{current:null}} onEnter={function} onEntered={function} ...>
                    <MuiBackdrop-root aria-hidden={true} className="MuiBackdro..." as="div" ...>
                      <Insertion>
+                     <div
+                       aria-hidden={true}
+                       className="MuiBackdrop-root css-15jtbsd-MuiBackdrop-root"
+                       style={{opacity:0,visibility:"hidden"}}
+                       ref={function useForkRef.useMemo}
+                     >
-                     <style data-emotion="css 1xcwhj1" data-s="">
            ...

    at throwOnHydrationMismatch (http://localhost:4011/_next/static/chunks/node_modules_next_dist_compiled_react-dom_096_9a-._.js:3120:56)
    at beginWork (http://localhost:4011/_next/static/chunks/node_modules_next_dist_compiled_react-dom_096_9a-._.js:6585:918)
    at runWithFiberInDEV (http://localhost:4011/_next/static/chunks/node_modules_next_dist_compiled_react-dom_096_9a-._.js:761:74)
    at performUnitOfWork (http://localhost:4011/_next/static/chunks/node_modules_next_dist_compiled_react-dom_096_9a-._.js:9385:97)
    at workLoopConcurrentByScheduler (http://localhost:4011/_next/static/chunks/node_modules_next_dist_compiled_react-dom_096_9a-._.js:9381:58)
    at renderRootConcurrent (http://localhost:4011/_next/static/chunks/node_modules_next_dist_compiled_react-dom_096_9a-._.js:9364:71)
    at performWorkOnRoot (http://localhost:4011/_next/static/chunks/node_modules_next_dist_compiled_react-dom_096_9a-._.js:8891:150)
    at performWorkOnRootViaSchedulerTask (http://localhost:4011/_next/static/chunks/node_modules_next_dist_compiled_react-dom_096_9a-._.js:10085:9)
    at MessagePort.performWorkUntilDeadline (http://localhost:4011/_next/static/chunks/node_modules_next_dist_compiled_1amofcm._.js:2647:64)
[    2379ms] [ERROR] Failed to load resource: the server responded with a status of 401 (Unauthorized) @ http://localhost:4001/v2/auth/me:0
[    2379ms] [ERROR] Failed to load resource: the server responded with a status of 401 (Unauthorized) @ http://localhost:4001/v2/auth/me:0
[    2388ms] [ERROR] Failed to load resource: the server responded with a status of 401 (Unauthorized) @ http://localhost:4001/v2/auth/refresh:0
[    2401ms] [VERBOSE] [DOM] Input elements should have autocomplete attributes (suggested: "current-password"): (More info: https://goo.gl/9p2vKq) %o @ http://localhost:4011/login:0
[    2500ms] [VERBOSE] [DOM] Input elements should have autocomplete attributes (suggested: "current-password"): (More info: https://goo.gl/9p2vKq) %o @ http://localhost:4011/login:0
[    2517ms] [INFO] %cDownload the React DevTools for a better development experience: https://react.dev/link/react-devtools font-weight:bold @ http://localhost:4011/_next/static/chunks/node_modules_next_dist_1e8vcs8._.js:776
[    2542ms] [LOG] [HMR] connected @ http://localhost:4011/_next/static/chunks/node_modules_next_dist_1e8vcs8._.js:776
[    2592ms] [WARNING] Image with src "/admin-background.jpg" is using quality "100" which is not configured in images.qualities [70, 70, 70, 70, 70, 70, 70, 70, 70, 70, 70, 70, 70, 70, 70, 70, 70, 70, 70, 70, 70, 70, 70, 70, 70, 70, 70, 70, 70, 70, 70, 70, 70, 70, 75]. Please update your config to [100, 70, 70, 70, 70, 70, 70, 70, 70, 70, 70, 70, 70, 70, 70, 70, 70, 70, 70, 70, 70, 70, 70, 70, 70, 70, 70, 70, 70, 70, 70, 70, 70, 70, 70, 75].
Read more: https://nextjs.org/docs/messages/next-image-unconfigured-qualities @ http://localhost:4011/_next/static/chunks/node_modules_next_dist_1e8vcs8._.js:776
[    2592ms] [WARNING] Image with src "/admin-background.jpg" has legacy prop "layout". Did you forget to run the codemod?
Read more: https://nextjs.org/docs/messages/next-image-upgrade-to-13 @ http://localhost:4011/_next/static/chunks/node_modules_next_dist_1e8vcs8._.js:776
[    2592ms] [WARNING] Image with src "/admin-background.jpg" has legacy prop "objectFit". Did you forget to run the codemod?
Read more: https://nextjs.org/docs/messages/next-image-upgrade-to-13 @ http://localhost:4011/_next/static/chunks/node_modules_next_dist_1e8vcs8._.js:776
[    2637ms] [ERROR] Failed to load resource: the server responded with a status of 401 (Unauthorized) @ http://localhost:4001/v2/auth/me:0
[    2640ms] [ERROR] Failed to load resource: the server responded with a status of 401 (Unauthorized) @ http://localhost:4001/v2/auth/me:0
[    2640ms] [ERROR] Failed to load resource: the server responded with a status of 401 (Unauthorized) @ http://localhost:4001/v2/auth/refresh:0
[    2759ms] [VERBOSE] [DOM] Input elements should have autocomplete attributes (suggested: "current-password"): (More info: https://goo.gl/9p2vKq) %o @ http://localhost:4011/login:0
[    2771ms] [INFO] %cDownload the React DevTools for a better development experience: https://react.dev/link/react-devtools font-weight:bold @ http://localhost:4011/_next/static/chunks/node_modules_next_dist_1e8vcs8._.js:776
[    2796ms] [LOG] [HMR] connected @ http://localhost:4011/_next/static/chunks/node_modules_next_dist_1e8vcs8._.js:776
[    2846ms] [WARNING] Image with src "/admin-background.jpg" is using quality "100" which is not configured in images.qualities [70, 70, 70, 70, 70, 70, 70, 70, 70, 70, 70, 70, 70, 70, 70, 70, 70, 70, 70, 70, 70, 70, 70, 70, 70, 70, 70, 70, 70, 70, 70, 70, 70, 70, 75]. Please update your config to [100, 70, 70, 70, 70, 70, 70, 70, 70, 70, 70, 70, 70, 70, 70, 70, 70, 70, 70, 70, 70, 70, 70, 70, 70, 70, 70, 70, 70, 70, 70, 70, 70, 70, 70, 75].
Read more: https://nextjs.org/docs/messages/next-image-unconfigured-qualities @ http://localhost:4011/_next/static/chunks/node_modules_next_dist_1e8vcs8._.js:776
[    2846ms] [WARNING] Image with src "/admin-background.jpg" has legacy prop "layout". Did you forget to run the codemod?
Read more: https://nextjs.org/docs/messages/next-image-upgrade-to-13 @ http://localhost:4011/_next/static/chunks/node_modules_next_dist_1e8vcs8._.js:776
[    2846ms] [WARNING] Image with src "/admin-background.jpg" has legacy prop "objectFit". Did you forget to run the codemod?
Read more: https://nextjs.org/docs/messages/next-image-upgrade-to-13 @ http://localhost:4011/_next/static/chunks/node_modules_next_dist_1e8vcs8._.js:776
[    2898ms] [ERROR] Failed to load resource: the server responded with a status of 401 (Unauthorized) @ http://localhost:4001/v2/auth/me:0
[    2899ms] [ERROR] Failed to load resource: the server responded with a status of 401 (Unauthorized) @ http://localhost:4001/v2/auth/me:0
[    2901ms] [ERROR] Failed to load resource: the server responded with a status of 401 (Unauthorized) @ http://localhost:4001/v2/auth/refresh:0
[    3151ms] [VERBOSE] [DOM] Input elements should have autocomplete attributes (suggested: "current-password"): (More info: https://goo.gl/9p2vKq) %o @ http://localhost:4011/login:0
[    3166ms] [INFO] %cDownload the React DevTools for a better development experience: https://react.dev/link/react-devtools font-weight:bold @ http://localhost:4011/_next/static/chunks/node_modules_next_dist_1e8vcs8._.js:776
[    3188ms] [LOG] [HMR] connected @ http://localhost:4011/_next/static/chunks/node_modules_next_dist_1e8vcs8._.js:776
[    3249ms] [WARNING] Image with src "/admin-background.jpg" is using quality "100" which is not configured in images.qualities [70, 70, 70, 70, 70, 70, 70, 70, 70, 70, 70, 70, 70, 70, 70, 70, 70, 70, 70, 70, 70, 70, 70, 70, 70, 70, 70, 70, 70, 70, 70, 70, 70, 70, 75]. Please update your config to [100, 70, 70, 70, 70, 70, 70, 70, 70, 70, 70, 70, 70, 70, 70, 70, 70, 70, 70, 70, 70, 70, 70, 70, 70, 70, 70, 70, 70, 70, 70, 70, 70, 70, 70, 75].
Read more: https://nextjs.org/docs/messages/next-image-unconfigured-qualities @ http://localhost:4011/_next/static/chunks/node_modules_next_dist_1e8vcs8._.js:776
[    3249ms] [WARNING] Image with src "/admin-background.jpg" has legacy prop "layout". Did you forget to run the codemod?
Read more: https://nextjs.org/docs/messages/next-image-upgrade-to-13 @ http://localhost:4011/_next/static/chunks/node_modules_next_dist_1e8vcs8._.js:776
[    3249ms] [WARNING] Image with src "/admin-background.jpg" has legacy prop "objectFit". Did you forget to run the codemod?
Read more: https://nextjs.org/docs/messages/next-image-upgrade-to-13 @ http://localhost:4011/_next/static/chunks/node_modules_next_dist_1e8vcs8._.js:776
[    3299ms] [ERROR] Failed to load resource: the server responded with a status of 401 (Unauthorized) @ http://localhost:4001/v2/auth/me:0
[    3302ms] [ERROR] Failed to load resource: the server responded with a status of 401 (Unauthorized) @ http://localhost:4001/v2/auth/me:0
[    3302ms] [ERROR] Failed to load resource: the server responded with a status of 401 (Unauthorized) @ http://localhost:4001/v2/auth/refresh:0
[    3478ms] [VERBOSE] [DOM] Input elements should have autocomplete attributes (suggested: "current-password"): (More info: https://goo.gl/9p2vKq) %o @ http://localhost:4011/login:0
[    3491ms] [INFO] %cDownload the React DevTools for a better development experience: https://react.dev/link/react-devtools font-weight:bold @ http://localhost:4011/_next/static/chunks/node_modules_next_dist_1e8vcs8._.js:776
[    3511ms] [LOG] [HMR] connected @ http://localhost:4011/_next/static/chunks/node_modules_next_dist_1e8vcs8._.js:776
[    3569ms] [WARNING] Image with src "/admin-background.jpg" is using quality "100" which is not configured in images.qualities [70, 70, 70, 70, 70, 70, 70, 70, 70, 70, 70, 70, 70, 70, 70, 70, 70, 70, 70, 70, 70, 70, 70, 70, 70, 70, 70, 70, 70, 70, 70, 70, 70, 70, 75]. Please update your config to [100, 70, 70, 70, 70, 70, 70, 70, 70, 70, 70, 70, 70, 70, 70, 70, 70, 70, 70, 70, 70, 70, 70, 70, 70, 70, 70, 70, 70, 70, 70, 70, 70, 70, 70, 75].
Read more: https://nextjs.org/docs/messages/next-image-unconfigured-qualities @ http://localhost:4011/_next/static/chunks/node_modules_next_dist_1e8vcs8._.js:776
[    3569ms] [WARNING] Image with src "/admin-background.jpg" has legacy prop "layout". Did you forget to run the codemod?
Read more: https://nextjs.org/docs/messages/next-image-upgrade-to-13 @ http://localhost:4011/_next/static/chunks/node_modules_next_dist_1e8vcs8._.js:776
[    3570ms] [WARNING] Image with src "/admin-background.jpg" has legacy prop "objectFit". Did you forget to run the codemod?
Read more: https://nextjs.org/docs/messages/next-image-upgrade-to-13 @ http://localhost:4011/_next/static/chunks/node_modules_next_dist_1e8vcs8._.js:776
[    3625ms] [ERROR] Failed to load resource: the server responded with a status of 401 (Unauthorized) @ http://localhost:4001/v2/auth/me:0
[    3627ms] [ERROR] Failed to load resource: the server responded with a status of 401 (Unauthorized) @ http://localhost:4001/v2/auth/me:0
[    3628ms] [ERROR] Failed to load resource: the server responded with a status of 401 (Unauthorized) @ http://localhost:4001/v2/auth/refresh:0
[    3821ms] [VERBOSE] [DOM] Input elements should have autocomplete attributes (suggested: "current-password"): (More info: https://goo.gl/9p2vKq) %o @ http://localhost:4011/login:0
[    3835ms] [INFO] %cDownload the React DevTools for a better development experience: https://react.dev/link/react-devtools font-weight:bold @ http://localhost:4011/_next/static/chunks/node_modules_next_dist_1e8vcs8._.js:776
[    3859ms] [LOG] [HMR] connected @ http://localhost:4011/_next/static/chunks/node_modules_next_dist_1e8vcs8._.js:776
[    3906ms] [WARNING] Image with src "/admin-background.jpg" is using quality "100" which is not configured in images.qualities [70, 70, 70, 70, 70, 70, 70, 70, 70, 70, 70, 70, 70, 70, 70, 70, 70, 70, 70, 70, 70, 70, 70, 70, 70, 70, 70, 70, 70, 70, 70, 70, 70, 70, 75]. Please update your config to [100, 70, 70, 70, 70, 70, 70, 70, 70, 70, 70, 70, 70, 70, 70, 70, 70, 70, 70, 70, 70, 70, 70, 70, 70, 70, 70, 70, 70, 70, 70, 70, 70, 70, 70, 75].
Read more: https://nextjs.org/docs/messages/next-image-unconfigured-qualities @ http://localhost:4011/_next/static/chunks/node_modules_next_dist_1e8vcs8._.js:776
[    3906ms] [WARNING] Image with src "/admin-background.jpg" has legacy prop "layout". Did you forget to run the codemod?
Read more: https://nextjs.org/docs/messages/next-image-upgrade-to-13 @ http://localhost:4011/_next/static/chunks/node_modules_next_dist_1e8vcs8._.js:776
[    3906ms] [WARNING] Image with src "/admin-background.jpg" has legacy prop "objectFit". Did you forget to run the codemod?
Read more: https://nextjs.org/docs/messages/next-image-upgrade-to-13 @ http://localhost:4011/_next/static/chunks/node_modules_next_dist_1e8vcs8._.js:776
[    3956ms] [ERROR] Failed to load resource: the server responded with a status of 401 (Unauthorized) @ http://localhost:4001/v2/auth/me:0
[    3960ms] [ERROR] Failed to load resource: the server responded with a status of 401 (Unauthorized) @ http://localhost:4001/v2/auth/me:0
[    3960ms] [ERROR] Failed to load resource: the server responded with a status of 401 (Unauthorized) @ http://localhost:4001/v2/auth/refresh:0
[    4266ms] [VERBOSE] [DOM] Input elements should have autocomplete attributes (suggested: "current-password"): (More info: https://goo.gl/9p2vKq) %o @ http://localhost:4011/login:0
[    4295ms] [INFO] %cDownload the React DevTools for a better development experience: https://react.dev/link/react-devtools font-weight:bold @ http://localhost:4011/_next/static/chunks/node_modules_next_dist_1e8vcs8._.js:776
[    4316ms] [LOG] [HMR] connected @ http://localhost:4011/_next/static/chunks/node_modules_next_dist_1e8vcs8._.js:776
[    4390ms] [WARNING] Image with src "/admin-background.jpg" is using quality "100" which is not configured in images.qualities [70, 70, 70, 70, 70, 70, 70, 70, 70, 70, 70, 70, 70, 70, 70, 70, 70, 70, 70, 70, 70, 70, 70, 70, 70, 70, 70, 70, 70, 70, 70, 70, 70, 70, 75]. Please update your config to [100, 70, 70, 70, 70, 70, 70, 70, 70, 70, 70, 70, 70, 70, 70, 70, 70, 70, 70, 70, 70, 70, 70, 70, 70, 70, 70, 70, 70, 70, 70, 70, 70, 70, 70, 75].
Read more: https://nextjs.org/docs/messages/next-image-unconfigured-qualities @ http://localhost:4011/_next/static/chunks/node_modules_next_dist_1e8vcs8._.js:776
[    4390ms] [WARNING] Image with src "/admin-background.jpg" has legacy prop "layout". Did you forget to run the codemod?
Read more: https://nextjs.org/docs/messages/next-image-upgrade-to-13 @ http://localhost:4011/_next/static/chunks/node_modules_next_dist_1e8vcs8._.js:776
[    4390ms] [WARNING] Image with src "/admin-background.jpg" has legacy prop "objectFit". Did you forget to run the codemod?
Read more: https://nextjs.org/docs/messages/next-image-upgrade-to-13 @ http://localhost:4011/_next/static/chunks/node_modules_next_dist_1e8vcs8._.js:776
[    4430ms] [ERROR] Failed to load resource: the server responded with a status of 401 (Unauthorized) @ http://localhost:4001/v2/auth/me:0
[    4432ms] [ERROR] Failed to load resource: the server responded with a status of 401 (Unauthorized) @ http://localhost:4001/v2/auth/me:0
[    4433ms] [ERROR] Failed to load resource: the server responded with a status of 401 (Unauthorized) @ http://localhost:4001/v2/auth/refresh:0
[    4610ms] [VERBOSE] [DOM] Input elements should have autocomplete attributes (suggested: "current-password"): (More info: https://goo.gl/9p2vKq) %o @ http://localhost:4011/login:0
[    4618ms] [INFO] %cDownload the React DevTools for a better development experience: https://react.dev/link/react-devtools font-weight:bold @ http://localhost:4011/_next/static/chunks/node_modules_next_dist_1e8vcs8._.js:776
[    4633ms] [LOG] [HMR] connected @ http://localhost:4011/_next/static/chunks/node_modules_next_dist_1e8vcs8._.js:776
[    4696ms] [WARNING] Image with src "/admin-background.jpg" is using quality "100" which is not configured in images.qualities [70, 70, 70, 70, 70, 70, 70, 70, 70, 70, 70, 70, 70, 70, 70, 70, 70, 70, 70, 70, 70, 70, 70, 70, 70, 70, 70, 70, 70, 70, 70, 70, 70, 70, 75]. Please update your config to [100, 70, 70, 70, 70, 70, 70, 70, 70, 70, 70, 70, 70, 70, 70, 70, 70, 70, 70, 70, 70, 70, 70, 70, 70, 70, 70, 70, 70, 70, 70, 70, 70, 70, 70, 75].
Read more: https://nextjs.org/docs/messages/next-image-unconfigured-qualities @ http://localhost:4011/_next/static/chunks/node_modules_next_dist_1e8vcs8._.js:776
[    4696ms] [WARNING] Image with src "/admin-background.jpg" has legacy prop "layout". Did you forget to run the codemod?
Read more: https://nextjs.org/docs/messages/next-image-upgrade-to-13 @ http://localhost:4011/_next/static/chunks/node_modules_next_dist_1e8vcs8._.js:776
[    4696ms] [WARNING] Image with src "/admin-background.jpg" has legacy prop "objectFit". Did you forget to run the codemod?
Read more: https://nextjs.org/docs/messages/next-image-upgrade-to-13 @ http://localhost:4011/_next/static/chunks/node_modules_next_dist_1e8vcs8._.js:776
[    4744ms] [ERROR] Failed to load resource: the server responded with a status of 401 (Unauthorized) @ http://localhost:4001/v2/auth/me:0
[    4746ms] [ERROR] Failed to load resource: the server responded with a status of 401 (Unauthorized) @ http://localhost:4001/v2/auth/me:0
[    4747ms] [ERROR] Failed to load resource: the server responded with a status of 401 (Unauthorized) @ http://localhost:4001/v2/auth/refresh:0
[    4930ms] [VERBOSE] [DOM] Input elements should have autocomplete attributes (suggested: "current-password"): (More info: https://goo.gl/9p2vKq) %o @ http://localhost:4011/login:0
[    4947ms] [INFO] %cDownload the React DevTools for a better development experience: https://react.dev/link/react-devtools font-weight:bold @ http://localhost:4011/_next/static/chunks/node_modules_next_dist_1e8vcs8._.js:776
[    4965ms] [LOG] [HMR] connected @ http://localhost:4011/_next/static/chunks/node_modules_next_dist_1e8vcs8._.js:776
[    5029ms] [WARNING] Image with src "/admin-background.jpg" is using quality "100" which is not configured in images.qualities [70, 70, 70, 70, 70, 70, 70, 70, 70, 70, 70, 70, 70, 70, 70, 70, 70, 70, 70, 70, 70, 70, 70, 70, 70, 70, 70, 70, 70, 70, 70, 70, 70, 70, 75]. Please update your config to [100, 70, 70, 70, 70, 70, 70, 70, 70, 70, 70, 70, 70, 70, 70, 70, 70, 70, 70, 70, 70, 70, 70, 70, 70, 70, 70, 70, 70, 70, 70, 70, 70, 70, 70, 75].
Read more: https://nextjs.org/docs/messages/next-image-unconfigured-qualities @ http://localhost:4011/_next/static/chunks/node_modules_next_dist_1e8vcs8._.js:776
[    5029ms] [WARNING] Image with src "/admin-background.jpg" has legacy prop "layout". Did you forget to run the codemod?
Read more: https://nextjs.org/docs/messages/next-image-upgrade-to-13 @ http://localhost:4011/_next/static/chunks/node_modules_next_dist_1e8vcs8._.js:776
[    5029ms] [WARNING] Image with src "/admin-background.jpg" has legacy prop "objectFit". Did you forget to run the codemod?
Read more: https://nextjs.org/docs/messages/next-image-upgrade-to-13 @ http://localhost:4011/_next/static/chunks/node_modules_next_dist_1e8vcs8._.js:776
[    5082ms] [ERROR] Failed to load resource: the server responded with a status of 401 (Unauthorized) @ http://localhost:4001/v2/auth/me:0
[    5085ms] [ERROR] Failed to load resource: the server responded with a status of 401 (Unauthorized) @ http://localhost:4001/v2/auth/me:0
[    5086ms] [ERROR] Failed to load resource: the server responded with a status of 401 (Unauthorized) @ http://localhost:4001/v2/auth/refresh:0
[    5272ms] [VERBOSE] [DOM] Input elements should have autocomplete attributes (suggested: "current-password"): (More info: https://goo.gl/9p2vKq) %o @ http://localhost:4011/login:0
[    5293ms] [INFO] %cDownload the React DevTools for a better development experience: https://react.dev/link/react-devtools font-weight:bold @ http://localhost:4011/_next/static/chunks/node_modules_next_dist_1e8vcs8._.js:776
[    5320ms] [LOG] [HMR] connected @ http://localhost:4011/_next/static/chunks/node_modules_next_dist_1e8vcs8._.js:776
[    5425ms] [WARNING] Image with src "/admin-background.jpg" is using quality "100" which is not configured in images.qualities [70, 70, 70, 70, 70, 70, 70, 70, 70, 70, 70, 70, 70, 70, 70, 70, 70, 70, 70, 70, 70, 70, 70, 70, 70, 70, 70, 70, 70, 70, 70, 70, 70, 70, 75]. Please update your config to [100, 70, 70, 70, 70, 70, 70, 70, 70, 70, 70, 70, 70, 70, 70, 70, 70, 70, 70, 70, 70, 70, 70, 70, 70, 70, 70, 70, 70, 70, 70, 70, 70, 70, 70, 75].
Read more: https://nextjs.org/docs/messages/next-image-unconfigured-qualities @ http://localhost:4011/_next/static/chunks/node_modules_next_dist_1e8vcs8._.js:776
[    5425ms] [WARNING] Image with src "/admin-background.jpg" has legacy prop "layout". Did you forget to run the codemod?
Read more: https://nextjs.org/docs/messages/next-image-upgrade-to-13 @ http://localhost:4011/_next/static/chunks/node_modules_next_dist_1e8vcs8._.js:776
[    5425ms] [WARNING] Image with src "/admin-background.jpg" has legacy prop "objectFit". Did you forget to run the codemod?
Read more: https://nextjs.org/docs/messages/next-image-upgrade-to-13 @ http://localhost:4011/_next/static/chunks/node_modules_next_dist_1e8vcs8._.js:776
[    5449ms] Error: Hydration failed because the server rendered HTML didn't match the client. As a result this tree will be regenerated on the client. This can happen if a SSR-ed Client Component used:

- A server/client branch `if (typeof window !== 'undefined')`.
- Variable input such as `Date.now()` or `Math.random()` which changes each time it's called.
- Date formatting in a user's locale which doesn't match the server.
- External changing data without sending a snapshot of it along with the HTML.
- Invalid HTML tag nesting.

It can also happen if the client has a browser extension installed which messes with the HTML before React loaded.

https://react.dev/link/hydration-mismatch

  ...
    <ThemeProvider theme={{...}}>
      <RtlProvider value={false}>
        <DefaultPropsProvider value={{...}}>
          <UploadingProvider>
            <Styled(Component) open={false} transitionDuration={300}>
              <Insertion>
              <Backdrop open={false} transitionDuration={300} className="css-1xcwhj1">
                <Fade in={false} timeout={300} ref={null} ownerState={{open:false, ...}}>
                  <Transition appear={true} in={false} nodeRef={{current:null}} onEnter={function} onEntered={function} ...>
                    <MuiBackdrop-root aria-hidden={true} className="MuiBackdro..." as="div" ...>
                      <Insertion>
+                     <div
+                       aria-hidden={true}
+                       className="MuiBackdrop-root css-15jtbsd-MuiBackdrop-root"
+                       style={{opacity:0,visibility:"hidden"}}
+                       ref={function useForkRef.useMemo}
+                     >
-                     <style data-emotion="css 1xcwhj1" data-s="">
            ...

    at throwOnHydrationMismatch (http://localhost:4011/_next/static/chunks/node_modules_next_dist_compiled_react-dom_096_9a-._.js:3120:56)
    at beginWork (http://localhost:4011/_next/static/chunks/node_modules_next_dist_compiled_react-dom_096_9a-._.js:6585:918)
    at runWithFiberInDEV (http://localhost:4011/_next/static/chunks/node_modules_next_dist_compiled_react-dom_096_9a-._.js:761:74)
    at performUnitOfWork (http://localhost:4011/_next/static/chunks/node_modules_next_dist_compiled_react-dom_096_9a-._.js:9385:97)
    at workLoopConcurrentByScheduler (http://localhost:4011/_next/static/chunks/node_modules_next_dist_compiled_react-dom_096_9a-._.js:9381:58)
    at renderRootConcurrent (http://localhost:4011/_next/static/chunks/node_modules_next_dist_compiled_react-dom_096_9a-._.js:9364:71)
    at performWorkOnRoot (http://localhost:4011/_next/static/chunks/node_modules_next_dist_compiled_react-dom_096_9a-._.js:8891:150)
    at performWorkOnRootViaSchedulerTask (http://localhost:4011/_next/static/chunks/node_modules_next_dist_compiled_react-dom_096_9a-._.js:10085:9)
    at MessagePort.performWorkUntilDeadline (http://localhost:4011/_next/static/chunks/node_modules_next_dist_compiled_1amofcm._.js:2647:64)
[    5478ms] [ERROR] Failed to load resource: the server responded with a status of 401 (Unauthorized) @ http://localhost:4001/v2/auth/me:0
[    5480ms] [ERROR] Failed to load resource: the server responded with a status of 401 (Unauthorized) @ http://localhost:4001/v2/auth/me:0
[    5484ms] [ERROR] Failed to load resource: the server responded with a status of 401 (Unauthorized) @ http://localhost:4001/v2/auth/refresh:0
[    5548ms] [VERBOSE] [DOM] Input elements should have autocomplete attributes (suggested: "current-password"): (More info: https://goo.gl/9p2vKq) %o @ http://localhost:4011/login:0
[    5690ms] [VERBOSE] [DOM] Input elements should have autocomplete attributes (suggested: "current-password"): (More info: https://goo.gl/9p2vKq) %o @ http://localhost:4011/login:0
[    5701ms] [INFO] %cDownload the React DevTools for a better development experience: https://react.dev/link/react-devtools font-weight:bold @ http://localhost:4011/_next/static/chunks/node_modules_next_dist_1e8vcs8._.js:776
[    5720ms] [LOG] [HMR] connected @ http://localhost:4011/_next/static/chunks/node_modules_next_dist_1e8vcs8._.js:776
[    5768ms] [WARNING] Image with src "/admin-background.jpg" is using quality "100" which is not configured in images.qualities [70, 70, 70, 70, 70, 70, 70, 70, 70, 70, 70, 70, 70, 70, 70, 70, 70, 70, 70, 70, 70, 70, 70, 70, 70, 70, 70, 70, 70, 70, 70, 70, 70, 70, 75]. Please update your config to [100, 70, 70, 70, 70, 70, 70, 70, 70, 70, 70, 70, 70, 70, 70, 70, 70, 70, 70, 70, 70, 70, 70, 70, 70, 70, 70, 70, 70, 70, 70, 70, 70, 70, 70, 75].
Read more: https://nextjs.org/docs/messages/next-image-unconfigured-qualities @ http://localhost:4011/_next/static/chunks/node_modules_next_dist_1e8vcs8._.js:776
[    5768ms] [WARNING] Image with src "/admin-background.jpg" has legacy prop "layout". Did you forget to run the codemod?
Read more: https://nextjs.org/docs/messages/next-image-upgrade-to-13 @ http://localhost:4011/_next/static/chunks/node_modules_next_dist_1e8vcs8._.js:776
[    5768ms] [WARNING] Image with src "/admin-background.jpg" has legacy prop "objectFit". Did you forget to run the codemod?
Read more: https://nextjs.org/docs/messages/next-image-upgrade-to-13 @ http://localhost:4011/_next/static/chunks/node_modules_next_dist_1e8vcs8._.js:776
[    5815ms] [ERROR] Failed to load resource: the server responded with a status of 401 (Unauthorized) @ http://localhost:4001/v2/auth/me:0
[    5817ms] [ERROR] Failed to load resource: the server responded with a status of 401 (Unauthorized) @ http://localhost:4001/v2/auth/me:0
[    5818ms] [ERROR] Failed to load resource: the server responded with a status of 401 (Unauthorized) @ http://localhost:4001/v2/auth/refresh:0
[    6016ms] [VERBOSE] [DOM] Input elements should have autocomplete attributes (suggested: "current-password"): (More info: https://goo.gl/9p2vKq) %o @ http://localhost:4011/login:0
[    6031ms] [INFO] %cDownload the React DevTools for a better development experience: https://react.dev/link/react-devtools font-weight:bold @ http://localhost:4011/_next/static/chunks/node_modules_next_dist_1e8vcs8._.js:776
[    6053ms] [LOG] [HMR] connected @ http://localhost:4011/_next/static/chunks/node_modules_next_dist_1e8vcs8._.js:776
[    6105ms] [WARNING] Image with src "/admin-background.jpg" is using quality "100" which is not configured in images.qualities [70, 70, 70, 70, 70, 70, 70, 70, 70, 70, 70, 70, 70, 70, 70, 70, 70, 70, 70, 70, 70, 70, 70, 70, 70, 70, 70, 70, 70, 70, 70, 70, 70, 70, 75]. Please update your config to [100, 70, 70, 70, 70, 70, 70, 70, 70, 70, 70, 70, 70, 70, 70, 70, 70, 70, 70, 70, 70, 70, 70, 70, 70, 70, 70, 70, 70, 70, 70, 70, 70, 70, 70, 75].
Read more: https://nextjs.org/docs/messages/next-image-unconfigured-qualities @ http://localhost:4011/_next/static/chunks/node_modules_next_dist_1e8vcs8._.js:776
[    6105ms] [WARNING] Image with src "/admin-background.jpg" has legacy prop "layout". Did you forget to run the codemod?
Read more: https://nextjs.org/docs/messages/next-image-upgrade-to-13 @ http://localhost:4011/_next/static/chunks/node_modules_next_dist_1e8vcs8._.js:776
[    6105ms] [WARNING] Image with src "/admin-background.jpg" has legacy prop "objectFit". Did you forget to run the codemod?
Read more: https://nextjs.org/docs/messages/next-image-upgrade-to-13 @ http://localhost:4011/_next/static/chunks/node_modules_next_dist_1e8vcs8._.js:776
[    6145ms] [ERROR] Failed to load resource: the server responded with a status of 401 (Unauthorized) @ http://localhost:4001/v2/auth/me:0
[    6148ms] [ERROR] Failed to load resource: the server responded with a status of 401 (Unauthorized) @ http://localhost:4001/v2/auth/me:0
[    6148ms] [ERROR] Failed to load resource: the server responded with a status of 401 (Unauthorized) @ http://localhost:4001/v2/auth/refresh:0
[    6248ms] [VERBOSE] [DOM] Input elements should have autocomplete attributes (suggested: "current-password"): (More info: https://goo.gl/9p2vKq) %o @ http://localhost:4011/login:0
[    6258ms] [INFO] %cDownload the React DevTools for a better development experience: https://react.dev/link/react-devtools font-weight:bold @ http://localhost:4011/_next/static/chunks/node_modules_next_dist_1e8vcs8._.js:776
[    6282ms] [LOG] [HMR] connected @ http://localhost:4011/_next/static/chunks/node_modules_next_dist_1e8vcs8._.js:776
[    6331ms] [WARNING] Image with src "/admin-background.jpg" is using quality "100" which is not configured in images.qualities [70, 70, 70, 70, 70, 70, 70, 70, 70, 70, 70, 70, 70, 70, 70, 70, 70, 70, 70, 70, 70, 70, 70, 70, 70, 70, 70, 70, 70, 70, 70, 70, 70, 70, 75]. Please update your config to [100, 70, 70, 70, 70, 70, 70, 70, 70, 70, 70, 70, 70, 70, 70, 70, 70, 70, 70, 70, 70, 70, 70, 70, 70, 70, 70, 70, 70, 70, 70, 70, 70, 70, 70, 75].
Read more: https://nextjs.org/docs/messages/next-image-unconfigured-qualities @ http://localhost:4011/_next/static/chunks/node_modules_next_dist_1e8vcs8._.js:776
[    6331ms] [WARNING] Image with src "/admin-background.jpg" has legacy prop "layout". Did you forget to run the codemod?
Read more: https://nextjs.org/docs/messages/next-image-upgrade-to-13 @ http://localhost:4011/_next/static/chunks/node_modules_next_dist_1e8vcs8._.js:776
[    6331ms] [WARNING] Image with src "/admin-background.jpg" has legacy prop "objectFit". Did you forget to run the codemod?
Read more: https://nextjs.org/docs/messages/next-image-upgrade-to-13 @ http://localhost:4011/_next/static/chunks/node_modules_next_dist_1e8vcs8._.js:776
[    6374ms] [ERROR] Failed to load resource: the server responded with a status of 401 (Unauthorized) @ http://localhost:4001/v2/auth/me:0
[    6377ms] [ERROR] Failed to load resource: the server responded with a status of 401 (Unauthorized) @ http://localhost:4001/v2/auth/me:0
[    6377ms] [ERROR] Failed to load resource: the server responded with a status of 401 (Unauthorized) @ http://localhost:4001/v2/auth/refresh:0
[    6609ms] [VERBOSE] [DOM] Input elements should have autocomplete attributes (suggested: "current-password"): (More info: https://goo.gl/9p2vKq) %o @ http://localhost:4011/login:0
[    6627ms] [INFO] %cDownload the React DevTools for a better development experience: https://react.dev/link/react-devtools font-weight:bold @ http://localhost:4011/_next/static/chunks/node_modules_next_dist_1e8vcs8._.js:776
[    6646ms] [LOG] [HMR] connected @ http://localhost:4011/_next/static/chunks/node_modules_next_dist_1e8vcs8._.js:776
[    6705ms] [WARNING] Image with src "/admin-background.jpg" is using quality "100" which is not configured in images.qualities [70, 70, 70, 70, 70, 70, 70, 70, 70, 70, 70, 70, 70, 70, 70, 70, 70, 70, 70, 70, 70, 70, 70, 70, 70, 70, 70, 70, 70, 70, 70, 70, 70, 70, 75]. Please update your config to [100, 70, 70, 70, 70, 70, 70, 70, 70, 70, 70, 70, 70, 70, 70, 70, 70, 70, 70, 70, 70, 70, 70, 70, 70, 70, 70, 70, 70, 70, 70, 70, 70, 70, 70, 75].
Read more: https://nextjs.org/docs/messages/next-image-unconfigured-qualities @ http://localhost:4011/_next/static/chunks/node_modules_next_dist_1e8vcs8._.js:776
[    6705ms] [WARNING] Image with src "/admin-background.jpg" has legacy prop "layout". Did you forget to run the codemod?
Read more: https://nextjs.org/docs/messages/next-image-upgrade-to-13 @ http://localhost:4011/_next/static/chunks/node_modules_next_dist_1e8vcs8._.js:776
[    6705ms] [WARNING] Image with src "/admin-background.jpg" has legacy prop "objectFit". Did you forget to run the codemod?
Read more: https://nextjs.org/docs/messages/next-image-upgrade-to-13 @ http://localhost:4011/_next/static/chunks/node_modules_next_dist_1e8vcs8._.js:776
[    6758ms] [ERROR] Failed to load resource: the server responded with a status of 401 (Unauthorized) @ http://localhost:4001/v2/auth/me:0
[    6759ms] [ERROR] Failed to load resource: the server responded with a status of 401 (Unauthorized) @ http://localhost:4001/v2/auth/me:0
[    6761ms] [ERROR] Failed to load resource: the server responded with a status of 401 (Unauthorized) @ http://localhost:4001/v2/auth/refresh:0
[    6940ms] [VERBOSE] [DOM] Input elements should have autocomplete attributes (suggested: "current-password"): (More info: https://goo.gl/9p2vKq) %o @ http://localhost:4011/login:0
[    6958ms] [INFO] %cDownload the React DevTools for a better development experience: https://react.dev/link/react-devtools font-weight:bold @ http://localhost:4011/_next/static/chunks/node_modules_next_dist_1e8vcs8._.js:776
[    6984ms] [LOG] [HMR] connected @ http://localhost:4011/_next/static/chunks/node_modules_next_dist_1e8vcs8._.js:776
[    7036ms] [WARNING] Image with src "/admin-background.jpg" is using quality "100" which is not configured in images.qualities [70, 70, 70, 70, 70, 70, 70, 70, 70, 70, 70, 70, 70, 70, 70, 70, 70, 70, 70, 70, 70, 70, 70, 70, 70, 70, 70, 70, 70, 70, 70, 70, 70, 70, 75]. Please update your config to [100, 70, 70, 70, 70, 70, 70, 70, 70, 70, 70, 70, 70, 70, 70, 70, 70, 70, 70, 70, 70, 70, 70, 70, 70, 70, 70, 70, 70, 70, 70, 70, 70, 70, 70, 75].
Read more: https://nextjs.org/docs/messages/next-image-unconfigured-qualities @ http://localhost:4011/_next/static/chunks/node_modules_next_dist_1e8vcs8._.js:776
[    7036ms] [WARNING] Image with src "/admin-background.jpg" has legacy prop "layout". Did you forget to run the codemod?
Read more: https://nextjs.org/docs/messages/next-image-upgrade-to-13 @ http://localhost:4011/_next/static/chunks/node_modules_next_dist_1e8vcs8._.js:776
[    7036ms] [WARNING] Image with src "/admin-background.jpg" has legacy prop "objectFit". Did you forget to run the codemod?
Read more: https://nextjs.org/docs/messages/next-image-upgrade-to-13 @ http://localhost:4011/_next/static/chunks/node_modules_next_dist_1e8vcs8._.js:776
[    7097ms] [ERROR] Failed to load resource: the server responded with a status of 401 (Unauthorized) @ http://localhost:4001/v2/auth/me:0
[    7100ms] [ERROR] Failed to load resource: the server responded with a status of 401 (Unauthorized) @ http://localhost:4001/v2/auth/me:0
[    7100ms] [ERROR] Failed to load resource: the server responded with a status of 401 (Unauthorized) @ http://localhost:4001/v2/auth/refresh:0
[    7231ms] [VERBOSE] [DOM] Input elements should have autocomplete attributes (suggested: "current-password"): (More info: https://goo.gl/9p2vKq) %o @ http://localhost:4011/login:0
[    7258ms] [INFO] %cDownload the React DevTools for a better development experience: https://react.dev/link/react-devtools font-weight:bold @ http://localhost:4011/_next/static/chunks/node_modules_next_dist_1e8vcs8._.js:776
[    7289ms] [LOG] [HMR] connected @ http://localhost:4011/_next/static/chunks/node_modules_next_dist_1e8vcs8._.js:776
[    7343ms] [WARNING] Image with src "/admin-background.jpg" is using quality "100" which is not configured in images.qualities [70, 70, 70, 70, 70, 70, 70, 70, 70, 70, 70, 70, 70, 70, 70, 70, 70, 70, 70, 70, 70, 70, 70, 70, 70, 70, 70, 70, 70, 70, 70, 70, 70, 70, 75]. Please update your config to [100, 70, 70, 70, 70, 70, 70, 70, 70, 70, 70, 70, 70, 70, 70, 70, 70, 70, 70, 70, 70, 70, 70, 70, 70, 70, 70, 70, 70, 70, 70, 70, 70, 70, 70, 75].
Read more: https://nextjs.org/docs/messages/next-image-unconfigured-qualities @ http://localhost:4011/_next/static/chunks/node_modules_next_dist_1e8vcs8._.js:776
[    7344ms] [WARNING] Image with src "/admin-background.jpg" has legacy prop "layout". Did you forget to run the codemod?
Read more: https://nextjs.org/docs/messages/next-image-upgrade-to-13 @ http://localhost:4011/_next/static/chunks/node_modules_next_dist_1e8vcs8._.js:776
[    7344ms] [WARNING] Image with src "/admin-background.jpg" has legacy prop "objectFit". Did you forget to run the codemod?
Read more: https://nextjs.org/docs/messages/next-image-upgrade-to-13 @ http://localhost:4011/_next/static/chunks/node_modules_next_dist_1e8vcs8._.js:776
[    7394ms] [ERROR] Failed to load resource: the server responded with a status of 401 (Unauthorized) @ http://localhost:4001/v2/auth/me:0
[    7396ms] [ERROR] Failed to load resource: the server responded with a status of 401 (Unauthorized) @ http://localhost:4001/v2/auth/me:0
[    7396ms] [ERROR] Failed to load resource: the server responded with a status of 401 (Unauthorized) @ http://localhost:4001/v2/auth/refresh:0
[    7606ms] [VERBOSE] [DOM] Input elements should have autocomplete attributes (suggested: "current-password"): (More info: https://goo.gl/9p2vKq) %o @ http://localhost:4011/login:0
[    7687ms] [INFO] %cDownload the React DevTools for a better development experience: https://react.dev/link/react-devtools font-weight:bold @ http://localhost:4011/_next/static/chunks/node_modules_next_dist_1e8vcs8._.js:776
[    7705ms] [LOG] [HMR] connected @ http://localhost:4011/_next/static/chunks/node_modules_next_dist_1e8vcs8._.js:776
[    7765ms] [WARNING] Image with src "/admin-background.jpg" is using quality "100" which is not configured in images.qualities [70, 70, 70, 70, 70, 70, 70, 70, 70, 70, 70, 70, 70, 70, 70, 70, 70, 70, 70, 70, 70, 70, 70, 70, 70, 70, 70, 70, 70, 70, 70, 70, 70, 70, 75]. Please update your config to [100, 70, 70, 70, 70, 70, 70, 70, 70, 70, 70, 70, 70, 70, 70, 70, 70, 70, 70, 70, 70, 70, 70, 70, 70, 70, 70, 70, 70, 70, 70, 70, 70, 70, 70, 75].
Read more: https://nextjs.org/docs/messages/next-image-unconfigured-qualities @ http://localhost:4011/_next/static/chunks/node_modules_next_dist_1e8vcs8._.js:776
[    7766ms] [WARNING] Image with src "/admin-background.jpg" has legacy prop "layout". Did you forget to run the codemod?
Read more: https://nextjs.org/docs/messages/next-image-upgrade-to-13 @ http://localhost:4011/_next/static/chunks/node_modules_next_dist_1e8vcs8._.js:776
[    7766ms] [WARNING] Image with src "/admin-background.jpg" has legacy prop "objectFit". Did you forget to run the codemod?
Read more: https://nextjs.org/docs/messages/next-image-upgrade-to-13 @ http://localhost:4011/_next/static/chunks/node_modules_next_dist_1e8vcs8._.js:776
[    7819ms] [ERROR] Failed to load resource: the server responded with a status of 401 (Unauthorized) @ http://localhost:4001/v2/auth/me:0
[    7821ms] [ERROR] Failed to load resource: the server responded with a status of 401 (Unauthorized) @ http://localhost:4001/v2/auth/me:0
[    7821ms] [ERROR] Failed to load resource: the server responded with a status of 401 (Unauthorized) @ http://localhost:4001/v2/auth/refresh:0
[    8016ms] [VERBOSE] [DOM] Input elements should have autocomplete attributes (suggested: "current-password"): (More info: https://goo.gl/9p2vKq) %o @ http://localhost:4011/login:0
[    8036ms] [INFO] %cDownload the React DevTools for a better development experience: https://react.dev/link/react-devtools font-weight:bold @ http://localhost:4011/_next/static/chunks/node_modules_next_dist_1e8vcs8._.js:776
[    8061ms] [LOG] [HMR] connected @ http://localhost:4011/_next/static/chunks/node_modules_next_dist_1e8vcs8._.js:776
[    8120ms] [WARNING] Image with src "/admin-background.jpg" is using quality "100" which is not configured in images.qualities [70, 70, 70, 70, 70, 70, 70, 70, 70, 70, 70, 70, 70, 70, 70, 70, 70, 70, 70, 70, 70, 70, 70, 70, 70, 70, 70, 70, 70, 70, 70, 70, 70, 70, 75]. Please update your config to [100, 70, 70, 70, 70, 70, 70, 70, 70, 70, 70, 70, 70, 70, 70, 70, 70, 70, 70, 70, 70, 70, 70, 70, 70, 70, 70, 70, 70, 70, 70, 70, 70, 70, 70, 75].
Read more: https://nextjs.org/docs/messages/next-image-unconfigured-qualities @ http://localhost:4011/_next/static/chunks/node_modules_next_dist_1e8vcs8._.js:776
[    8120ms] [WARNING] Image with src "/admin-background.jpg" has legacy prop "layout". Did you forget to run the codemod?
Read more: https://nextjs.org/docs/messages/next-image-upgrade-to-13 @ http://localhost:4011/_next/static/chunks/node_modules_next_dist_1e8vcs8._.js:776
[    8120ms] [WARNING] Image with src "/admin-background.jpg" has legacy prop "objectFit". Did you forget to run the codemod?
Read more: https://nextjs.org/docs/messages/next-image-upgrade-to-13 @ http://localhost:4011/_next/static/chunks/node_modules_next_dist_1e8vcs8._.js:776
[    8168ms] [ERROR] Failed to load resource: the server responded with a status of 401 (Unauthorized) @ http://localhost:4001/v2/auth/me:0
[    8171ms] [ERROR] Failed to load resource: the server responded with a status of 401 (Unauthorized) @ http://localhost:4001/v2/auth/me:0
[    8171ms] [ERROR] Failed to load resource: the server responded with a status of 401 (Unauthorized) @ http://localhost:4001/v2/auth/refresh:0
[    8346ms] [VERBOSE] [DOM] Input elements should have autocomplete attributes (suggested: "current-password"): (More info: https://goo.gl/9p2vKq) %o @ http://localhost:4011/login:0
[    8356ms] [INFO] %cDownload the React DevTools for a better development experience: https://react.dev/link/react-devtools font-weight:bold @ http://localhost:4011/_next/static/chunks/node_modules_next_dist_1e8vcs8._.js:776
[    8378ms] [LOG] [HMR] connected @ http://localhost:4011/_next/static/chunks/node_modules_next_dist_1e8vcs8._.js:776
[    8420ms] [WARNING] Image with src "/admin-background.jpg" is using quality "100" which is not configured in images.qualities [70, 70, 70, 70, 70, 70, 70, 70, 70, 70, 70, 70, 70, 70, 70, 70, 70, 70, 70, 70, 70, 70, 70, 70, 70, 70, 70, 70, 70, 70, 70, 70, 70, 70, 75]. Please update your config to [100, 70, 70, 70, 70, 70, 70, 70, 70, 70, 70, 70, 70, 70, 70, 70, 70, 70, 70, 70, 70, 70, 70, 70, 70, 70, 70, 70, 70, 70, 70, 70, 70, 70, 70, 75].
Read more: https://nextjs.org/docs/messages/next-image-unconfigured-qualities @ http://localhost:4011/_next/static/chunks/node_modules_next_dist_1e8vcs8._.js:776
[    8420ms] [WARNING] Image with src "/admin-background.jpg" has legacy prop "layout". Did you forget to run the codemod?
Read more: https://nextjs.org/docs/messages/next-image-upgrade-to-13 @ http://localhost:4011/_next/static/chunks/node_modules_next_dist_1e8vcs8._.js:776
[    8421ms] [WARNING] Image with src "/admin-background.jpg" has legacy prop "objectFit". Did you forget to run the codemod?
Read more: https://nextjs.org/docs/messages/next-image-upgrade-to-13 @ http://localhost:4011/_next/static/chunks/node_modules_next_dist_1e8vcs8._.js:776
[    8467ms] [ERROR] Failed to load resource: the server responded with a status of 401 (Unauthorized) @ http://localhost:4001/v2/auth/me:0
[    8468ms] [ERROR] Failed to load resource: the server responded with a status of 401 (Unauthorized) @ http://localhost:4001/v2/auth/me:0
[    8471ms] [ERROR] Failed to load resource: the server responded with a status of 401 (Unauthorized) @ http://localhost:4001/v2/auth/refresh:0
[    8590ms] [VERBOSE] [DOM] Input elements should have autocomplete attributes (suggested: "current-password"): (More info: https://goo.gl/9p2vKq) %o @ http://localhost:4011/login:0
[    8610ms] [INFO] %cDownload the React DevTools for a better development experience: https://react.dev/link/react-devtools font-weight:bold @ http://localhost:4011/_next/static/chunks/node_modules_next_dist_1e8vcs8._.js:776
[    8632ms] [LOG] [HMR] connected @ http://localhost:4011/_next/static/chunks/node_modules_next_dist_1e8vcs8._.js:776
[    8686ms] [WARNING] Image with src "/admin-background.jpg" is using quality "100" which is not configured in images.qualities [70, 70, 70, 70, 70, 70, 70, 70, 70, 70, 70, 70, 70, 70, 70, 70, 70, 70, 70, 70, 70, 70, 70, 70, 70, 70, 70, 70, 70, 70, 70, 70, 70, 70, 75]. Please update your config to [100, 70, 70, 70, 70, 70, 70, 70, 70, 70, 70, 70, 70, 70, 70, 70, 70, 70, 70, 70, 70, 70, 70, 70, 70, 70, 70, 70, 70, 70, 70, 70, 70, 70, 70, 75].
Read more: https://nextjs.org/docs/messages/next-image-unconfigured-qualities @ http://localhost:4011/_next/static/chunks/node_modules_next_dist_1e8vcs8._.js:776
[    8686ms] [WARNING] Image with src "/admin-background.jpg" has legacy prop "layout". Did you forget to run the codemod?
Read more: https://nextjs.org/docs/messages/next-image-upgrade-to-13 @ http://localhost:4011/_next/static/chunks/node_modules_next_dist_1e8vcs8._.js:776
[    8687ms] [WARNING] Image with src "/admin-background.jpg" has legacy prop "objectFit". Did you forget to run the codemod?
Read more: https://nextjs.org/docs/messages/next-image-upgrade-to-13 @ http://localhost:4011/_next/static/chunks/node_modules_next_dist_1e8vcs8._.js:776
[    8732ms] [ERROR] Failed to load resource: the server responded with a status of 401 (Unauthorized) @ http://localhost:4001/v2/auth/me:0
[    8733ms] [ERROR] Failed to load resource: the server responded with a status of 401 (Unauthorized) @ http://localhost:4001/v2/auth/me:0
[    8736ms] [ERROR] Failed to load resource: the server responded with a status of 401 (Unauthorized) @ http://localhost:4001/v2/auth/refresh:0
[    8857ms] [VERBOSE] [DOM] Input elements should have autocomplete attributes (suggested: "current-password"): (More info: https://goo.gl/9p2vKq) %o @ http://localhost:4011/login:0
[    8869ms] [INFO] %cDownload the React DevTools for a better development experience: https://react.dev/link/react-devtools font-weight:bold @ http://localhost:4011/_next/static/chunks/node_modules_next_dist_1e8vcs8._.js:776
[    8887ms] [LOG] [HMR] connected @ http://localhost:4011/_next/static/chunks/node_modules_next_dist_1e8vcs8._.js:776
[    8934ms] [WARNING] Image with src "/admin-background.jpg" is using quality "100" which is not configured in images.qualities [70, 70, 70, 70, 70, 70, 70, 70, 70, 70, 70, 70, 70, 70, 70, 70, 70, 70, 70, 70, 70, 70, 70, 70, 70, 70, 70, 70, 70, 70, 70, 70, 70, 70, 75]. Please update your config to [100, 70, 70, 70, 70, 70, 70, 70, 70, 70, 70, 70, 70, 70, 70, 70, 70, 70, 70, 70, 70, 70, 70, 70, 70, 70, 70, 70, 70, 70, 70, 70, 70, 70, 70, 75].
Read more: https://nextjs.org/docs/messages/next-image-unconfigured-qualities @ http://localhost:4011/_next/static/chunks/node_modules_next_dist_1e8vcs8._.js:776
[    8935ms] [WARNING] Image with src "/admin-background.jpg" has legacy prop "layout". Did you forget to run the codemod?
Read more: https://nextjs.org/docs/messages/next-image-upgrade-to-13 @ http://localhost:4011/_next/static/chunks/node_modules_next_dist_1e8vcs8._.js:776
[    8935ms] [WARNING] Image with src "/admin-background.jpg" has legacy prop "objectFit". Did you forget to run the codemod?
Read more: https://nextjs.org/docs/messages/next-image-upgrade-to-13 @ http://localhost:4011/_next/static/chunks/node_modules_next_dist_1e8vcs8._.js:776
[    8984ms] [ERROR] Failed to load resource: the server responded with a status of 401 (Unauthorized) @ http://localhost:4001/v2/auth/me:0
[    8984ms] [ERROR] Failed to load resource: the server responded with a status of 401 (Unauthorized) @ http://localhost:4001/v2/auth/me:0
[    8987ms] [ERROR] Failed to load resource: the server responded with a status of 429 (Too Many Requests) @ http://localhost:4001/v2/auth/refresh:0
[    9108ms] [VERBOSE] [DOM] Input elements should have autocomplete attributes (suggested: "current-password"): (More info: https://goo.gl/9p2vKq) %o @ http://localhost:4011/login:0
[    9129ms] [INFO] %cDownload the React DevTools for a better development experience: https://react.dev/link/react-devtools font-weight:bold @ http://localhost:4011/_next/static/chunks/node_modules_next_dist_1e8vcs8._.js:776
[    9145ms] [LOG] [HMR] connected @ http://localhost:4011/_next/static/chunks/node_modules_next_dist_1e8vcs8._.js:776
[    9207ms] [WARNING] Image with src "/admin-background.jpg" is using quality "100" which is not configured in images.qualities [70, 70, 70, 70, 70, 70, 70, 70, 70, 70, 70, 70, 70, 70, 70, 70, 70, 70, 70, 70, 70, 70, 70, 70, 70, 70, 70, 70, 70, 70, 70, 70, 70, 70, 75]. Please update your config to [100, 70, 70, 70, 70, 70, 70, 70, 70, 70, 70, 70, 70, 70, 70, 70, 70, 70, 70, 70, 70, 70, 70, 70, 70, 70, 70, 70, 70, 70, 70, 70, 70, 70, 70, 75].
Read more: https://nextjs.org/docs/messages/next-image-unconfigured-qualities @ http://localhost:4011/_next/static/chunks/node_modules_next_dist_1e8vcs8._.js:776
[    9207ms] [WARNING] Image with src "/admin-background.jpg" has legacy prop "layout". Did you forget to run the codemod?
Read more: https://nextjs.org/docs/messages/next-image-upgrade-to-13 @ http://localhost:4011/_next/static/chunks/node_modules_next_dist_1e8vcs8._.js:776
[    9207ms] [WARNING] Image with src "/admin-background.jpg" has legacy prop "objectFit". Did you forget to run the codemod?
Read more: https://nextjs.org/docs/messages/next-image-upgrade-to-13 @ http://localhost:4011/_next/static/chunks/node_modules_next_dist_1e8vcs8._.js:776
[    9257ms] [ERROR] Failed to load resource: the server responded with a status of 401 (Unauthorized) @ http://localhost:4001/v2/auth/me:0
[    9259ms] [ERROR] Failed to load resource: the server responded with a status of 401 (Unauthorized) @ http://localhost:4001/v2/auth/me:0
[    9260ms] [ERROR] Failed to load resource: the server responded with a status of 429 (Too Many Requests) @ http://localhost:4001/v2/auth/refresh:0
[    9446ms] [VERBOSE] [DOM] Input elements should have autocomplete attributes (suggested: "current-password"): (More info: https://goo.gl/9p2vKq) %o @ http://localhost:4011/login:0
[    9461ms] [INFO] %cDownload the React DevTools for a better development experience: https://react.dev/link/react-devtools font-weight:bold @ http://localhost:4011/_next/static/chunks/node_modules_next_dist_1e8vcs8._.js:776
[    9482ms] [LOG] [HMR] connected @ http://localhost:4011/_next/static/chunks/node_modules_next_dist_1e8vcs8._.js:776
[    9522ms] [WARNING] Image with src "/admin-background.jpg" is using quality "100" which is not configured in images.qualities [70, 70, 70, 70, 70, 70, 70, 70, 70, 70, 70, 70, 70, 70, 70, 70, 70, 70, 70, 70, 70, 70, 70, 70, 70, 70, 70, 70, 70, 70, 70, 70, 70, 70, 75]. Please update your config to [100, 70, 70, 70, 70, 70, 70, 70, 70, 70, 70, 70, 70, 70, 70, 70, 70, 70, 70, 70, 70, 70, 70, 70, 70, 70, 70, 70, 70, 70, 70, 70, 70, 70, 70, 75].
Read more: https://nextjs.org/docs/messages/next-image-unconfigured-qualities @ http://localhost:4011/_next/static/chunks/node_modules_next_dist_1e8vcs8._.js:776
[    9522ms] [WARNING] Image with src "/admin-background.jpg" has legacy prop "layout". Did you forget to run the codemod?
Read more: https://nextjs.org/docs/messages/next-image-upgrade-to-13 @ http://localhost:4011/_next/static/chunks/node_modules_next_dist_1e8vcs8._.js:776
[    9522ms] [WARNING] Image with src "/admin-background.jpg" has legacy prop "objectFit". Did you forget to run the codemod?
Read more: https://nextjs.org/docs/messages/next-image-upgrade-to-13 @ http://localhost:4011/_next/static/chunks/node_modules_next_dist_1e8vcs8._.js:776
[    9569ms] [ERROR] Failed to load resource: the server responded with a status of 401 (Unauthorized) @ http://localhost:4001/v2/auth/me:0
[    9570ms] [ERROR] Failed to load resource: the server responded with a status of 401 (Unauthorized) @ http://localhost:4001/v2/auth/me:0
[    9574ms] [ERROR] Failed to load resource: the server responded with a status of 429 (Too Many Requests) @ http://localhost:4001/v2/auth/refresh:0
[    9719ms] [VERBOSE] [DOM] Input elements should have autocomplete attributes (suggested: "current-password"): (More info: https://goo.gl/9p2vKq) %o @ http://localhost:4011/login:0
[    9777ms] [INFO] %cDownload the React DevTools for a better development experience: https://react.dev/link/react-devtools font-weight:bold @ http://localhost:4011/_next/static/chunks/node_modules_next_dist_1e8vcs8._.js:776
[    9800ms] [LOG] [HMR] connected @ http://localhost:4011/_next/static/chunks/node_modules_next_dist_1e8vcs8._.js:776
[    9879ms] [WARNING] Image with src "/admin-background.jpg" is using quality "100" which is not configured in images.qualities [70, 70, 70, 70, 70, 70, 70, 70, 70, 70, 70, 70, 70, 70, 70, 70, 70, 70, 70, 70, 70, 70, 70, 70, 70, 70, 70, 70, 70, 70, 70, 70, 70, 70, 75]. Please update your config to [100, 70, 70, 70, 70, 70, 70, 70, 70, 70, 70, 70, 70, 70, 70, 70, 70, 70, 70, 70, 70, 70, 70, 70, 70, 70, 70, 70, 70, 70, 70, 70, 70, 70, 70, 75].
Read more: https://nextjs.org/docs/messages/next-image-unconfigured-qualities @ http://localhost:4011/_next/static/chunks/node_modules_next_dist_1e8vcs8._.js:776
[    9879ms] [WARNING] Image with src "/admin-background.jpg" has legacy prop "layout". Did you forget to run the codemod?
Read more: https://nextjs.org/docs/messages/next-image-upgrade-to-13 @ http://localhost:4011/_next/static/chunks/node_modules_next_dist_1e8vcs8._.js:776
[    9880ms] [WARNING] Image with src "/admin-background.jpg" has legacy prop "objectFit". Did you forget to run the codemod?
Read more: https://nextjs.org/docs/messages/next-image-upgrade-to-13 @ http://localhost:4011/_next/static/chunks/node_modules_next_dist_1e8vcs8._.js:776
[    9909ms] Error: Hydration failed because the server rendered HTML didn't match the client. As a result this tree will be regenerated on the client. This can happen if a SSR-ed Client Component used:

- A server/client branch `if (typeof window !== 'undefined')`.
- Variable input such as `Date.now()` or `Math.random()` which changes each time it's called.
- Date formatting in a user's locale which doesn't match the server.
- External changing data without sending a snapshot of it along with the HTML.
- Invalid HTML tag nesting.

It can also happen if the client has a browser extension installed which messes with the HTML before React loaded.

https://react.dev/link/hydration-mismatch

  ...
    <ThemeProvider theme={{...}}>
      <RtlProvider value={false}>
        <DefaultPropsProvider value={{...}}>
          <UploadingProvider>
            <Styled(Component) open={false} transitionDuration={300}>
              <Insertion>
              <Backdrop open={false} transitionDuration={300} className="css-1xcwhj1">
                <Fade in={false} timeout={300} ref={null} ownerState={{open:false, ...}}>
                  <Transition appear={true} in={false} nodeRef={{current:null}} onEnter={function} onEntered={function} ...>
                    <MuiBackdrop-root aria-hidden={true} className="MuiBackdro..." as="div" ...>
                      <Insertion>
+                     <div
+                       aria-hidden={true}
+                       className="MuiBackdrop-root css-15jtbsd-MuiBackdrop-root"
+                       style={{opacity:0,visibility:"hidden"}}
+                       ref={function useForkRef.useMemo}
+                     >
-                     <style data-emotion="css 1xcwhj1" data-s="">
            ...

    at throwOnHydrationMismatch (http://localhost:4011/_next/static/chunks/node_modules_next_dist_compiled_react-dom_096_9a-._.js:3120:56)
    at beginWork (http://localhost:4011/_next/static/chunks/node_modules_next_dist_compiled_react-dom_096_9a-._.js:6585:918)
    at runWithFiberInDEV (http://localhost:4011/_next/static/chunks/node_modules_next_dist_compiled_react-dom_096_9a-._.js:761:74)
    at performUnitOfWork (http://localhost:4011/_next/static/chunks/node_modules_next_dist_compiled_react-dom_096_9a-._.js:9385:97)
    at workLoopConcurrentByScheduler (http://localhost:4011/_next/static/chunks/node_modules_next_dist_compiled_react-dom_096_9a-._.js:9381:58)
    at renderRootConcurrent (http://localhost:4011/_next/static/chunks/node_modules_next_dist_compiled_react-dom_096_9a-._.js:9364:71)
    at performWorkOnRoot (http://localhost:4011/_next/static/chunks/node_modules_next_dist_compiled_react-dom_096_9a-._.js:8891:150)
    at performWorkOnRootViaSchedulerTask (http://localhost:4011/_next/static/chunks/node_modules_next_dist_compiled_react-dom_096_9a-._.js:10085:9)
    at MessagePort.performWorkUntilDeadline (http://localhost:4011/_next/static/chunks/node_modules_next_dist_compiled_1amofcm._.js:2647:64)
[    9939ms] [ERROR] Failed to load resource: the server responded with a status of 401 (Unauthorized) @ http://localhost:4001/v2/auth/me:0
[    9940ms] [ERROR] Failed to load resource: the server responded with a status of 401 (Unauthorized) @ http://localhost:4001/v2/auth/me:0
[    9942ms] [ERROR] Failed to load resource: the server responded with a status of 429 (Too Many Requests) @ http://localhost:4001/v2/auth/refresh:0
[   10009ms] [VERBOSE] [DOM] Input elements should have autocomplete attributes (suggested: "current-password"): (More info: https://goo.gl/9p2vKq) %o @ http://localhost:4011/login:0
[   10100ms] [VERBOSE] [DOM] Input elements should have autocomplete attributes (suggested: "current-password"): (More info: https://goo.gl/9p2vKq) %o @ http://localhost:4011/login:0
[   10111ms] [INFO] %cDownload the React DevTools for a better development experience: https://react.dev/link/react-devtools font-weight:bold @ http://localhost:4011/_next/static/chunks/node_modules_next_dist_1e8vcs8._.js:776
[   10130ms] [LOG] [HMR] connected @ http://localhost:4011/_next/static/chunks/node_modules_next_dist_1e8vcs8._.js:776
[   10199ms] [WARNING] Image with src "/admin-background.jpg" is using quality "100" which is not configured in images.qualities [70, 70, 70, 70, 70, 70, 70, 70, 70, 70, 70, 70, 70, 70, 70, 70, 70, 70, 70, 70, 70, 70, 70, 70, 70, 70, 70, 70, 70, 70, 70, 70, 70, 70, 75]. Please update your config to [100, 70, 70, 70, 70, 70, 70, 70, 70, 70, 70, 70, 70, 70, 70, 70, 70, 70, 70, 70, 70, 70, 70, 70, 70, 70, 70, 70, 70, 70, 70, 70, 70, 70, 70, 75].
Read more: https://nextjs.org/docs/messages/next-image-unconfigured-qualities @ http://localhost:4011/_next/static/chunks/node_modules_next_dist_1e8vcs8._.js:776
[   10199ms] [WARNING] Image with src "/admin-background.jpg" has legacy prop "layout". Did you forget to run the codemod?
Read more: https://nextjs.org/docs/messages/next-image-upgrade-to-13 @ http://localhost:4011/_next/static/chunks/node_modules_next_dist_1e8vcs8._.js:776
[   10199ms] [WARNING] Image with src "/admin-background.jpg" has legacy prop "objectFit". Did you forget to run the codemod?
Read more: https://nextjs.org/docs/messages/next-image-upgrade-to-13 @ http://localhost:4011/_next/static/chunks/node_modules_next_dist_1e8vcs8._.js:776
[   10257ms] [ERROR] Failed to load resource: the server responded with a status of 401 (Unauthorized) @ http://localhost:4001/v2/auth/me:0
[   10260ms] [ERROR] Failed to load resource: the server responded with a status of 401 (Unauthorized) @ http://localhost:4001/v2/auth/me:0
[   10260ms] [ERROR] Failed to load resource: the server responded with a status of 429 (Too Many Requests) @ http://localhost:4001/v2/auth/refresh:0
[   10375ms] [VERBOSE] [DOM] Input elements should have autocomplete attributes (suggested: "current-password"): (More info: https://goo.gl/9p2vKq) %o @ http://localhost:4011/login:0
[   10388ms] [INFO] %cDownload the React DevTools for a better development experience: https://react.dev/link/react-devtools font-weight:bold @ http://localhost:4011/_next/static/chunks/node_modules_next_dist_1e8vcs8._.js:776
[   10409ms] [LOG] [HMR] connected @ http://localhost:4011/_next/static/chunks/node_modules_next_dist_1e8vcs8._.js:776
[   10460ms] [WARNING] Image with src "/admin-background.jpg" is using quality "100" which is not configured in images.qualities [70, 70, 70, 70, 70, 70, 70, 70, 70, 70, 70, 70, 70, 70, 70, 70, 70, 70, 70, 70, 70, 70, 70, 70, 70, 70, 70, 70, 70, 70, 70, 70, 70, 70, 75]. Please update your config to [100, 70, 70, 70, 70, 70, 70, 70, 70, 70, 70, 70, 70, 70, 70, 70, 70, 70, 70, 70, 70, 70, 70, 70, 70, 70, 70, 70, 70, 70, 70, 70, 70, 70, 70, 75].
Read more: https://nextjs.org/docs/messages/next-image-unconfigured-qualities @ http://localhost:4011/_next/static/chunks/node_modules_next_dist_1e8vcs8._.js:776
[   10460ms] [WARNING] Image with src "/admin-background.jpg" has legacy prop "layout". Did you forget to run the codemod?
Read more: https://nextjs.org/docs/messages/next-image-upgrade-to-13 @ http://localhost:4011/_next/static/chunks/node_modules_next_dist_1e8vcs8._.js:776
[   10460ms] [WARNING] Image with src "/admin-background.jpg" has legacy prop "objectFit". Did you forget to run the codemod?
Read more: https://nextjs.org/docs/messages/next-image-upgrade-to-13 @ http://localhost:4011/_next/static/chunks/node_modules_next_dist_1e8vcs8._.js:776
[   10507ms] [ERROR] Failed to load resource: the server responded with a status of 401 (Unauthorized) @ http://localhost:4001/v2/auth/me:0
[   10510ms] [ERROR] Failed to load resource: the server responded with a status of 401 (Unauthorized) @ http://localhost:4001/v2/auth/me:0
[   10510ms] [ERROR] Failed to load resource: the server responded with a status of 429 (Too Many Requests) @ http://localhost:4001/v2/auth/refresh:0
[   10676ms] [VERBOSE] [DOM] Input elements should have autocomplete attributes (suggested: "current-password"): (More info: https://goo.gl/9p2vKq) %o @ http://localhost:4011/login:0
[   10688ms] [INFO] %cDownload the React DevTools for a better development experience: https://react.dev/link/react-devtools font-weight:bold @ http://localhost:4011/_next/static/chunks/node_modules_next_dist_1e8vcs8._.js:776
[   10711ms] [LOG] [HMR] connected @ http://localhost:4011/_next/static/chunks/node_modules_next_dist_1e8vcs8._.js:776
[   10770ms] [WARNING] Image with src "/admin-background.jpg" is using quality "100" which is not configured in images.qualities [70, 70, 70, 70, 70, 70, 70, 70, 70, 70, 70, 70, 70, 70, 70, 70, 70, 70, 70, 70, 70, 70, 70, 70, 70, 70, 70, 70, 70, 70, 70, 70, 70, 70, 75]. Please update your config to [100, 70, 70, 70, 70, 70, 70, 70, 70, 70, 70, 70, 70, 70, 70, 70, 70, 70, 70, 70, 70, 70, 70, 70, 70, 70, 70, 70, 70, 70, 70, 70, 70, 70, 70, 75].
Read more: https://nextjs.org/docs/messages/next-image-unconfigured-qualities @ http://localhost:4011/_next/static/chunks/node_modules_next_dist_1e8vcs8._.js:776
[   10771ms] [WARNING] Image with src "/admin-background.jpg" has legacy prop "layout". Did you forget to run the codemod?
Read more: https://nextjs.org/docs/messages/next-image-upgrade-to-13 @ http://localhost:4011/_next/static/chunks/node_modules_next_dist_1e8vcs8._.js:776
[   10771ms] [WARNING] Image with src "/admin-background.jpg" has legacy prop "objectFit". Did you forget to run the codemod?
Read more: https://nextjs.org/docs/messages/next-image-upgrade-to-13 @ http://localhost:4011/_next/static/chunks/node_modules_next_dist_1e8vcs8._.js:776
[   10823ms] [ERROR] Failed to load resource: the server responded with a status of 401 (Unauthorized) @ http://localhost:4001/v2/auth/me:0
[   10826ms] [ERROR] Failed to load resource: the server responded with a status of 401 (Unauthorized) @ http://localhost:4001/v2/auth/me:0
[   10826ms] [ERROR] Failed to load resource: the server responded with a status of 429 (Too Many Requests) @ http://localhost:4001/v2/auth/refresh:0
[   10937ms] [VERBOSE] [DOM] Input elements should have autocomplete attributes (suggested: "current-password"): (More info: https://goo.gl/9p2vKq) %o @ http://localhost:4011/login:0
[   10944ms] [INFO] %cDownload the React DevTools for a better development experience: https://react.dev/link/react-devtools font-weight:bold @ http://localhost:4011/_next/static/chunks/node_modules_next_dist_1e8vcs8._.js:776
[   10970ms] [LOG] [HMR] connected @ http://localhost:4011/_next/static/chunks/node_modules_next_dist_1e8vcs8._.js:776
[   11026ms] [WARNING] Image with src "/admin-background.jpg" is using quality "100" which is not configured in images.qualities [70, 70, 70, 70, 70, 70, 70, 70, 70, 70, 70, 70, 70, 70, 70, 70, 70, 70, 70, 70, 70, 70, 70, 70, 70, 70, 70, 70, 70, 70, 70, 70, 70, 70, 75]. Please update your config to [100, 70, 70, 70, 70, 70, 70, 70, 70, 70, 70, 70, 70, 70, 70, 70, 70, 70, 70, 70, 70, 70, 70, 70, 70, 70, 70, 70, 70, 70, 70, 70, 70, 70, 70, 75].
Read more: https://nextjs.org/docs/messages/next-image-unconfigured-qualities @ http://localhost:4011/_next/static/chunks/node_modules_next_dist_1e8vcs8._.js:776
[   11026ms] [WARNING] Image with src "/admin-background.jpg" has legacy prop "layout". Did you forget to run the codemod?
Read more: https://nextjs.org/docs/messages/next-image-upgrade-to-13 @ http://localhost:4011/_next/static/chunks/node_modules_next_dist_1e8vcs8._.js:776
[   11026ms] [WARNING] Image with src "/admin-background.jpg" has legacy prop "objectFit". Did you forget to run the codemod?
Read more: https://nextjs.org/docs/messages/next-image-upgrade-to-13 @ http://localhost:4011/_next/static/chunks/node_modules_next_dist_1e8vcs8._.js:776
[   11071ms] [ERROR] Failed to load resource: the server responded with a status of 401 (Unauthorized) @ http://localhost:4001/v2/auth/me:0
[   11073ms] [ERROR] Failed to load resource: the server responded with a status of 401 (Unauthorized) @ http://localhost:4001/v2/auth/me:0
[   11076ms] [ERROR] Failed to load resource: the server responded with a status of 429 (Too Many Requests) @ http://localhost:4001/v2/auth/refresh:0
[   11267ms] [VERBOSE] [DOM] Input elements should have autocomplete attributes (suggested: "current-password"): (More info: https://goo.gl/9p2vKq) %o @ http://localhost:4011/login:0
[   11281ms] [INFO] %cDownload the React DevTools for a better development experience: https://react.dev/link/react-devtools font-weight:bold @ http://localhost:4011/_next/static/chunks/node_modules_next_dist_1e8vcs8._.js:776
[   11309ms] [LOG] [HMR] connected @ http://localhost:4011/_next/static/chunks/node_modules_next_dist_1e8vcs8._.js:776
[   11368ms] [WARNING] Image with src "/admin-background.jpg" is using quality "100" which is not configured in images.qualities [70, 70, 70, 70, 70, 70, 70, 70, 70, 70, 70, 70, 70, 70, 70, 70, 70, 70, 70, 70, 70, 70, 70, 70, 70, 70, 70, 70, 70, 70, 70, 70, 70, 70, 75]. Please update your config to [100, 70, 70, 70, 70, 70, 70, 70, 70, 70, 70, 70, 70, 70, 70, 70, 70, 70, 70, 70, 70, 70, 70, 70, 70, 70, 70, 70, 70, 70, 70, 70, 70, 70, 70, 75].
Read more: https://nextjs.org/docs/messages/next-image-unconfigured-qualities @ http://localhost:4011/_next/static/chunks/node_modules_next_dist_1e8vcs8._.js:776
[   11368ms] [WARNING] Image with src "/admin-background.jpg" has legacy prop "layout". Did you forget to run the codemod?
Read more: https://nextjs.org/docs/messages/next-image-upgrade-to-13 @ http://localhost:4011/_next/static/chunks/node_modules_next_dist_1e8vcs8._.js:776
[   11368ms] [WARNING] Image with src "/admin-background.jpg" has legacy prop "objectFit". Did you forget to run the codemod?
Read more: https://nextjs.org/docs/messages/next-image-upgrade-to-13 @ http://localhost:4011/_next/static/chunks/node_modules_next_dist_1e8vcs8._.js:776
[   11426ms] [ERROR] Failed to load resource: the server responded with a status of 401 (Unauthorized) @ http://localhost:4001/v2/auth/me:0
[   11429ms] [ERROR] Failed to load resource: the server responded with a status of 401 (Unauthorized) @ http://localhost:4001/v2/auth/me:0
[   11432ms] [ERROR] Failed to load resource: the server responded with a status of 429 (Too Many Requests) @ http://localhost:4001/v2/auth/refresh:0
[   11573ms] [VERBOSE] [DOM] Input elements should have autocomplete attributes (suggested: "current-password"): (More info: https://goo.gl/9p2vKq) %o @ http://localhost:4011/login:0
[   11614ms] [INFO] %cDownload the React DevTools for a better development experience: https://react.dev/link/react-devtools font-weight:bold @ http://localhost:4011/_next/static/chunks/node_modules_next_dist_1e8vcs8._.js:776
[   11634ms] [LOG] [HMR] connected @ http://localhost:4011/_next/static/chunks/node_modules_next_dist_1e8vcs8._.js:776
[   11698ms] [WARNING] Image with src "/admin-background.jpg" is using quality "100" which is not configured in images.qualities [70, 70, 70, 70, 70, 70, 70, 70, 70, 70, 70, 70, 70, 70, 70, 70, 70, 70, 70, 70, 70, 70, 70, 70, 70, 70, 70, 70, 70, 70, 70, 70, 70, 70, 75]. Please update your config to [100, 70, 70, 70, 70, 70, 70, 70, 70, 70, 70, 70, 70, 70, 70, 70, 70, 70, 70, 70, 70, 70, 70, 70, 70, 70, 70, 70, 70, 70, 70, 70, 70, 70, 70, 75].
Read more: https://nextjs.org/docs/messages/next-image-unconfigured-qualities @ http://localhost:4011/_next/static/chunks/node_modules_next_dist_1e8vcs8._.js:776
[   11698ms] [WARNING] Image with src "/admin-background.jpg" has legacy prop "layout". Did you forget to run the codemod?
Read more: https://nextjs.org/docs/messages/next-image-upgrade-to-13 @ http://localhost:4011/_next/static/chunks/node_modules_next_dist_1e8vcs8._.js:776
[   11698ms] [WARNING] Image with src "/admin-background.jpg" has legacy prop "objectFit". Did you forget to run the codemod?
Read more: https://nextjs.org/docs/messages/next-image-upgrade-to-13 @ http://localhost:4011/_next/static/chunks/node_modules_next_dist_1e8vcs8._.js:776
[   11738ms] [ERROR] Failed to load resource: the server responded with a status of 401 (Unauthorized) @ http://localhost:4001/v2/auth/me:0
[   11740ms] [ERROR] Failed to load resource: the server responded with a status of 401 (Unauthorized) @ http://localhost:4001/v2/auth/me:0
[   11741ms] [ERROR] Failed to load resource: the server responded with a status of 429 (Too Many Requests) @ http://localhost:4001/v2/auth/refresh:0
[   11915ms] [VERBOSE] [DOM] Input elements should have autocomplete attributes (suggested: "current-password"): (More info: https://goo.gl/9p2vKq) %o @ http://localhost:4011/login:0
[   11955ms] [INFO] %cDownload the React DevTools for a better development experience: https://react.dev/link/react-devtools font-weight:bold @ http://localhost:4011/_next/static/chunks/node_modules_next_dist_1e8vcs8._.js:776
[   12014ms] [LOG] [HMR] connected @ http://localhost:4011/_next/static/chunks/node_modules_next_dist_1e8vcs8._.js:776
[   12051ms] [WARNING] Image with src "/admin-background.jpg" is using quality "100" which is not configured in images.qualities [70, 70, 70, 70, 70, 70, 70, 70, 70, 70, 70, 70, 70, 70, 70, 70, 70, 70, 70, 70, 70, 70, 70, 70, 70, 70, 70, 70, 70, 70, 70, 70, 70, 70, 75]. Please update your config to [100, 70, 70, 70, 70, 70, 70, 70, 70, 70, 70, 70, 70, 70, 70, 70, 70, 70, 70, 70, 70, 70, 70, 70, 70, 70, 70, 70, 70, 70, 70, 70, 70, 70, 70, 75].
Read more: https://nextjs.org/docs/messages/next-image-unconfigured-qualities @ http://localhost:4011/_next/static/chunks/node_modules_next_dist_1e8vcs8._.js:776
[   12052ms] [WARNING] Image with src "/admin-background.jpg" has legacy prop "layout". Did you forget to run the codemod?
Read more: https://nextjs.org/docs/messages/next-image-upgrade-to-13 @ http://localhost:4011/_next/static/chunks/node_modules_next_dist_1e8vcs8._.js:776
[   12052ms] [WARNING] Image with src "/admin-background.jpg" has legacy prop "objectFit". Did you forget to run the codemod?
Read more: https://nextjs.org/docs/messages/next-image-upgrade-to-13 @ http://localhost:4011/_next/static/chunks/node_modules_next_dist_1e8vcs8._.js:776
[   12107ms] [ERROR] Failed to load resource: the server responded with a status of 401 (Unauthorized) @ http://localhost:4001/v2/auth/me:0
[   12110ms] [ERROR] Failed to load resource: the server responded with a status of 401 (Unauthorized) @ http://localhost:4001/v2/auth/me:0
[   12111ms] [ERROR] Failed to load resource: the server responded with a status of 429 (Too Many Requests) @ http://localhost:4001/v2/auth/refresh:0
[   12283ms] [VERBOSE] [DOM] Input elements should have autocomplete attributes (suggested: "current-password"): (More info: https://goo.gl/9p2vKq) %o @ http://localhost:4011/login:0
[   12340ms] [INFO] %cDownload the React DevTools for a better development experience: https://react.dev/link/react-devtools font-weight:bold @ http://localhost:4011/_next/static/chunks/node_modules_next_dist_1e8vcs8._.js:776
[   12362ms] [LOG] [HMR] connected @ http://localhost:4011/_next/static/chunks/node_modules_next_dist_1e8vcs8._.js:776
[   12418ms] [WARNING] Image with src "/admin-background.jpg" is using quality "100" which is not configured in images.qualities [70, 70, 70, 70, 70, 70, 70, 70, 70, 70, 70, 70, 70, 70, 70, 70, 70, 70, 70, 70, 70, 70, 70, 70, 70, 70, 70, 70, 70, 70, 70, 70, 70, 70, 75]. Please update your config to [100, 70, 70, 70, 70, 70, 70, 70, 70, 70, 70, 70, 70, 70, 70, 70, 70, 70, 70, 70, 70, 70, 70, 70, 70, 70, 70, 70, 70, 70, 70, 70, 70, 70, 70, 75].
Read more: https://nextjs.org/docs/messages/next-image-unconfigured-qualities @ http://localhost:4011/_next/static/chunks/node_modules_next_dist_1e8vcs8._.js:776
[   12419ms] [WARNING] Image with src "/admin-background.jpg" has legacy prop "layout". Did you forget to run the codemod?
Read more: https://nextjs.org/docs/messages/next-image-upgrade-to-13 @ http://localhost:4011/_next/static/chunks/node_modules_next_dist_1e8vcs8._.js:776
[   12419ms] [WARNING] Image with src "/admin-background.jpg" has legacy prop "objectFit". Did you forget to run the codemod?
Read more: https://nextjs.org/docs/messages/next-image-upgrade-to-13 @ http://localhost:4011/_next/static/chunks/node_modules_next_dist_1e8vcs8._.js:776
[   12466ms] [ERROR] Failed to load resource: the server responded with a status of 401 (Unauthorized) @ http://localhost:4001/v2/auth/me:0
[   12468ms] [ERROR] Failed to load resource: the server responded with a status of 401 (Unauthorized) @ http://localhost:4001/v2/auth/me:0
[   12469ms] [ERROR] Failed to load resource: the server responded with a status of 429 (Too Many Requests) @ http://localhost:4001/v2/auth/refresh:0
[   12581ms] [VERBOSE] [DOM] Input elements should have autocomplete attributes (suggested: "current-password"): (More info: https://goo.gl/9p2vKq) %o @ http://localhost:4011/login:0
[   12596ms] [INFO] %cDownload the React DevTools for a better development experience: https://react.dev/link/react-devtools font-weight:bold @ http://localhost:4011/_next/static/chunks/node_modules_next_dist_1e8vcs8._.js:776
[   12625ms] [LOG] [HMR] connected @ http://localhost:4011/_next/static/chunks/node_modules_next_dist_1e8vcs8._.js:776
[   12672ms] [WARNING] Image with src "/admin-background.jpg" is using quality "100" which is not configured in images.qualities [70, 70, 70, 70, 70, 70, 70, 70, 70, 70, 70, 70, 70, 70, 70, 70, 70, 70, 70, 70, 70, 70, 70, 70, 70, 70, 70, 70, 70, 70, 70, 70, 70, 70, 75]. Please update your config to [100, 70, 70, 70, 70, 70, 70, 70, 70, 70, 70, 70, 70, 70, 70, 70, 70, 70, 70, 70, 70, 70, 70, 70, 70, 70, 70, 70, 70, 70, 70, 70, 70, 70, 70, 75].
Read more: https://nextjs.org/docs/messages/next-image-unconfigured-qualities @ http://localhost:4011/_next/static/chunks/node_modules_next_dist_1e8vcs8._.js:776
[   12672ms] [WARNING] Image with src "/admin-background.jpg" has legacy prop "layout". Did you forget to run the codemod?
Read more: https://nextjs.org/docs/messages/next-image-upgrade-to-13 @ http://localhost:4011/_next/static/chunks/node_modules_next_dist_1e8vcs8._.js:776
[   12672ms] [WARNING] Image with src "/admin-background.jpg" has legacy prop "objectFit". Did you forget to run the codemod?
Read more: https://nextjs.org/docs/messages/next-image-upgrade-to-13 @ http://localhost:4011/_next/static/chunks/node_modules_next_dist_1e8vcs8._.js:776
[   12719ms] [ERROR] Failed to load resource: the server responded with a status of 401 (Unauthorized) @ http://localhost:4001/v2/auth/me:0
[   12722ms] [ERROR] Failed to load resource: the server responded with a status of 401 (Unauthorized) @ http://localhost:4001/v2/auth/me:0
[   12722ms] [ERROR] Failed to load resource: the server responded with a status of 429 (Too Many Requests) @ http://localhost:4001/v2/auth/refresh:0
[   12909ms] [VERBOSE] [DOM] Input elements should have autocomplete attributes (suggested: "current-password"): (More info: https://goo.gl/9p2vKq) %o @ http://localhost:4011/login:0
[   12923ms] [INFO] %cDownload the React DevTools for a better development experience: https://react.dev/link/react-devtools font-weight:bold @ http://localhost:4011/_next/static/chunks/node_modules_next_dist_1e8vcs8._.js:776
[   12944ms] [LOG] [HMR] connected @ http://localhost:4011/_next/static/chunks/node_modules_next_dist_1e8vcs8._.js:776
[   12997ms] [WARNING] Image with src "/admin-background.jpg" is using quality "100" which is not configured in images.qualities [70, 70, 70, 70, 70, 70, 70, 70, 70, 70, 70, 70, 70, 70, 70, 70, 70, 70, 70, 70, 70, 70, 70, 70, 70, 70, 70, 70, 70, 70, 70, 70, 70, 70, 75]. Please update your config to [100, 70, 70, 70, 70, 70, 70, 70, 70, 70, 70, 70, 70, 70, 70, 70, 70, 70, 70, 70, 70, 70, 70, 70, 70, 70, 70, 70, 70, 70, 70, 70, 70, 70, 70, 75].
Read more: https://nextjs.org/docs/messages/next-image-unconfigured-qualities @ http://localhost:4011/_next/static/chunks/node_modules_next_dist_1e8vcs8._.js:776
[   12997ms] [WARNING] Image with src "/admin-background.jpg" has legacy prop "layout". Did you forget to run the codemod?
Read more: https://nextjs.org/docs/messages/next-image-upgrade-to-13 @ http://localhost:4011/_next/static/chunks/node_modules_next_dist_1e8vcs8._.js:776
[   12997ms] [WARNING] Image with src "/admin-background.jpg" has legacy prop "objectFit". Did you forget to run the codemod?
Read more: https://nextjs.org/docs/messages/next-image-upgrade-to-13 @ http://localhost:4011/_next/static/chunks/node_modules_next_dist_1e8vcs8._.js:776
[   13046ms] [ERROR] Failed to load resource: the server responded with a status of 401 (Unauthorized) @ http://localhost:4001/v2/auth/me:0
[   13049ms] [ERROR] Failed to load resource: the server responded with a status of 401 (Unauthorized) @ http://localhost:4001/v2/auth/me:0
[   13050ms] [ERROR] Failed to load resource: the server responded with a status of 429 (Too Many Requests) @ http://localhost:4001/v2/auth/refresh:0
[   13152ms] [VERBOSE] [DOM] Input elements should have autocomplete attributes (suggested: "current-password"): (More info: https://goo.gl/9p2vKq) %o @ http://localhost:4011/login:0
[   13171ms] [INFO] %cDownload the React DevTools for a better development experience: https://react.dev/link/react-devtools font-weight:bold @ http://localhost:4011/_next/static/chunks/node_modules_next_dist_1e8vcs8._.js:776
[   13192ms] [LOG] [HMR] connected @ http://localhost:4011/_next/static/chunks/node_modules_next_dist_1e8vcs8._.js:776
[   13253ms] [WARNING] Image with src "/admin-background.jpg" is using quality "100" which is not configured in images.qualities [70, 70, 70, 70, 70, 70, 70, 70, 70, 70, 70, 70, 70, 70, 70, 70, 70, 70, 70, 70, 70, 70, 70, 70, 70, 70, 70, 70, 70, 70, 70, 70, 70, 70, 75]. Please update your config to [100, 70, 70, 70, 70, 70, 70, 70, 70, 70, 70, 70, 70, 70, 70, 70, 70, 70, 70, 70, 70, 70, 70, 70, 70, 70, 70, 70, 70, 70, 70, 70, 70, 70, 70, 75].
Read more: https://nextjs.org/docs/messages/next-image-unconfigured-qualities @ http://localhost:4011/_next/static/chunks/node_modules_next_dist_1e8vcs8._.js:776
[   13253ms] [WARNING] Image with src "/admin-background.jpg" has legacy prop "layout". Did you forget to run the codemod?
Read more: https://nextjs.org/docs/messages/next-image-upgrade-to-13 @ http://localhost:4011/_next/static/chunks/node_modules_next_dist_1e8vcs8._.js:776
[   13253ms] [WARNING] Image with src "/admin-background.jpg" has legacy prop "objectFit". Did you forget to run the codemod?
Read more: https://nextjs.org/docs/messages/next-image-upgrade-to-13 @ http://localhost:4011/_next/static/chunks/node_modules_next_dist_1e8vcs8._.js:776
[   13309ms] [ERROR] Failed to load resource: the server responded with a status of 401 (Unauthorized) @ http://localhost:4001/v2/auth/me:0
[   13312ms] [ERROR] Failed to load resource: the server responded with a status of 401 (Unauthorized) @ http://localhost:4001/v2/auth/me:0
[   13312ms] [ERROR] Failed to load resource: the server responded with a status of 429 (Too Many Requests) @ http://localhost:4001/v2/auth/refresh:0
[   13426ms] [VERBOSE] [DOM] Input elements should have autocomplete attributes (suggested: "current-password"): (More info: https://goo.gl/9p2vKq) %o @ http://localhost:4011/login:0
[   13439ms] [INFO] %cDownload the React DevTools for a better development experience: https://react.dev/link/react-devtools font-weight:bold @ http://localhost:4011/_next/static/chunks/node_modules_next_dist_1e8vcs8._.js:776
[   13464ms] [LOG] [HMR] connected @ http://localhost:4011/_next/static/chunks/node_modules_next_dist_1e8vcs8._.js:776
[   13513ms] [WARNING] Image with src "/admin-background.jpg" is using quality "100" which is not configured in images.qualities [70, 70, 70, 70, 70, 70, 70, 70, 70, 70, 70, 70, 70, 70, 70, 70, 70, 70, 70, 70, 70, 70, 70, 70, 70, 70, 70, 70, 70, 70, 70, 70, 70, 70, 75]. Please update your config to [100, 70, 70, 70, 70, 70, 70, 70, 70, 70, 70, 70, 70, 70, 70, 70, 70, 70, 70, 70, 70, 70, 70, 70, 70, 70, 70, 70, 70, 70, 70, 70, 70, 70, 70, 75].
Read more: https://nextjs.org/docs/messages/next-image-unconfigured-qualities @ http://localhost:4011/_next/static/chunks/node_modules_next_dist_1e8vcs8._.js:776
[   13513ms] [WARNING] Image with src "/admin-background.jpg" has legacy prop "layout". Did you forget to run the codemod?
Read more: https://nextjs.org/docs/messages/next-image-upgrade-to-13 @ http://localhost:4011/_next/static/chunks/node_modules_next_dist_1e8vcs8._.js:776
[   13513ms] [WARNING] Image with src "/admin-background.jpg" has legacy prop "objectFit". Did you forget to run the codemod?
Read more: https://nextjs.org/docs/messages/next-image-upgrade-to-13 @ http://localhost:4011/_next/static/chunks/node_modules_next_dist_1e8vcs8._.js:776
[   13566ms] [ERROR] Failed to load resource: the server responded with a status of 401 (Unauthorized) @ http://localhost:4001/v2/auth/me:0
[   13569ms] [ERROR] Failed to load resource: the server responded with a status of 401 (Unauthorized) @ http://localhost:4001/v2/auth/me:0
[   13570ms] [ERROR] Failed to load resource: the server responded with a status of 429 (Too Many Requests) @ http://localhost:4001/v2/auth/refresh:0
[   13687ms] [VERBOSE] [DOM] Input elements should have autocomplete attributes (suggested: "current-password"): (More info: https://goo.gl/9p2vKq) %o @ http://localhost:4011/login:0
[   13695ms] [INFO] %cDownload the React DevTools for a better development experience: https://react.dev/link/react-devtools font-weight:bold @ http://localhost:4011/_next/static/chunks/node_modules_next_dist_1e8vcs8._.js:776
[   13712ms] [LOG] [HMR] connected @ http://localhost:4011/_next/static/chunks/node_modules_next_dist_1e8vcs8._.js:776
[   13769ms] [WARNING] Image with src "/admin-background.jpg" is using quality "100" which is not configured in images.qualities [70, 70, 70, 70, 70, 70, 70, 70, 70, 70, 70, 70, 70, 70, 70, 70, 70, 70, 70, 70, 70, 70, 70, 70, 70, 70, 70, 70, 70, 70, 70, 70, 70, 70, 75]. Please update your config to [100, 70, 70, 70, 70, 70, 70, 70, 70, 70, 70, 70, 70, 70, 70, 70, 70, 70, 70, 70, 70, 70, 70, 70, 70, 70, 70, 70, 70, 70, 70, 70, 70, 70, 70, 75].
Read more: https://nextjs.org/docs/messages/next-image-unconfigured-qualities @ http://localhost:4011/_next/static/chunks/node_modules_next_dist_1e8vcs8._.js:776
[   13769ms] [WARNING] Image with src "/admin-background.jpg" has legacy prop "layout". Did you forget to run the codemod?
Read more: https://nextjs.org/docs/messages/next-image-upgrade-to-13 @ http://localhost:4011/_next/static/chunks/node_modules_next_dist_1e8vcs8._.js:776
[   13769ms] [WARNING] Image with src "/admin-background.jpg" has legacy prop "objectFit". Did you forget to run the codemod?
Read more: https://nextjs.org/docs/messages/next-image-upgrade-to-13 @ http://localhost:4011/_next/static/chunks/node_modules_next_dist_1e8vcs8._.js:776
[   13826ms] [ERROR] Failed to load resource: the server responded with a status of 401 (Unauthorized) @ http://localhost:4001/v2/auth/me:0
[   13829ms] [ERROR] Failed to load resource: the server responded with a status of 401 (Unauthorized) @ http://localhost:4001/v2/auth/me:0
[   13830ms] [ERROR] Failed to load resource: the server responded with a status of 429 (Too Many Requests) @ http://localhost:4001/v2/auth/refresh:0
[   14000ms] [VERBOSE] [DOM] Input elements should have autocomplete attributes (suggested: "current-password"): (More info: https://goo.gl/9p2vKq) %o @ http://localhost:4011/login:0
[   14014ms] [INFO] %cDownload the React DevTools for a better development experience: https://react.dev/link/react-devtools font-weight:bold @ http://localhost:4011/_next/static/chunks/node_modules_next_dist_1e8vcs8._.js:776
[   14037ms] [LOG] [HMR] connected @ http://localhost:4011/_next/static/chunks/node_modules_next_dist_1e8vcs8._.js:776
[   14086ms] [WARNING] Image with src "/admin-background.jpg" is using quality "100" which is not configured in images.qualities [70, 70, 70, 70, 70, 70, 70, 70, 70, 70, 70, 70, 70, 70, 70, 70, 70, 70, 70, 70, 70, 70, 70, 70, 70, 70, 70, 70, 70, 70, 70, 70, 70, 70, 75]. Please update your config to [100, 70, 70, 70, 70, 70, 70, 70, 70, 70, 70, 70, 70, 70, 70, 70, 70, 70, 70, 70, 70, 70, 70, 70, 70, 70, 70, 70, 70, 70, 70, 70, 70, 70, 70, 75].
Read more: https://nextjs.org/docs/messages/next-image-unconfigured-qualities @ http://localhost:4011/_next/static/chunks/node_modules_next_dist_1e8vcs8._.js:776
[   14086ms] [WARNING] Image with src "/admin-background.jpg" has legacy prop "layout". Did you forget to run the codemod?
Read more: https://nextjs.org/docs/messages/next-image-upgrade-to-13 @ http://localhost:4011/_next/static/chunks/node_modules_next_dist_1e8vcs8._.js:776
[   14086ms] [WARNING] Image with src "/admin-background.jpg" has legacy prop "objectFit". Did you forget to run the codemod?
Read more: https://nextjs.org/docs/messages/next-image-upgrade-to-13 @ http://localhost:4011/_next/static/chunks/node_modules_next_dist_1e8vcs8._.js:776
[   14131ms] [ERROR] Failed to load resource: the server responded with a status of 401 (Unauthorized) @ http://localhost:4001/v2/auth/me:0
[   14133ms] [ERROR] Failed to load resource: the server responded with a status of 401 (Unauthorized) @ http://localhost:4001/v2/auth/me:0
[   14133ms] [ERROR] Failed to load resource: the server responded with a status of 429 (Too Many Requests) @ http://localhost:4001/v2/auth/refresh:0
[   14410ms] [VERBOSE] [DOM] Input elements should have autocomplete attributes (suggested: "current-password"): (More info: https://goo.gl/9p2vKq) %o @ http://localhost:4011/login:0
[   14461ms] [INFO] %cDownload the React DevTools for a better development experience: https://react.dev/link/react-devtools font-weight:bold @ http://localhost:4011/_next/static/chunks/node_modules_next_dist_1e8vcs8._.js:776
[   14487ms] [LOG] [HMR] connected @ http://localhost:4011/_next/static/chunks/node_modules_next_dist_1e8vcs8._.js:776
[   14548ms] [WARNING] Image with src "/admin-background.jpg" is using quality "100" which is not configured in images.qualities [70, 70, 70, 70, 70, 70, 70, 70, 70, 70, 70, 70, 70, 70, 70, 70, 70, 70, 70, 70, 70, 70, 70, 70, 70, 70, 70, 70, 70, 70, 70, 70, 70, 70, 75]. Please update your config to [100, 70, 70, 70, 70, 70, 70, 70, 70, 70, 70, 70, 70, 70, 70, 70, 70, 70, 70, 70, 70, 70, 70, 70, 70, 70, 70, 70, 70, 70, 70, 70, 70, 70, 70, 75].
Read more: https://nextjs.org/docs/messages/next-image-unconfigured-qualities @ http://localhost:4011/_next/static/chunks/node_modules_next_dist_1e8vcs8._.js:776
[   14548ms] [WARNING] Image with src "/admin-background.jpg" has legacy prop "layout". Did you forget to run the codemod?
Read more: https://nextjs.org/docs/messages/next-image-upgrade-to-13 @ http://localhost:4011/_next/static/chunks/node_modules_next_dist_1e8vcs8._.js:776
[   14549ms] [WARNING] Image with src "/admin-background.jpg" has legacy prop "objectFit". Did you forget to run the codemod?
Read more: https://nextjs.org/docs/messages/next-image-upgrade-to-13 @ http://localhost:4011/_next/static/chunks/node_modules_next_dist_1e8vcs8._.js:776
[   14611ms] [ERROR] Failed to load resource: the server responded with a status of 401 (Unauthorized) @ http://localhost:4001/v2/auth/me:0
[   14612ms] [ERROR] Failed to load resource: the server responded with a status of 401 (Unauthorized) @ http://localhost:4001/v2/auth/me:0
[   14615ms] [ERROR] Failed to load resource: the server responded with a status of 429 (Too Many Requests) @ http://localhost:4001/v2/auth/refresh:0
[   14727ms] [VERBOSE] [DOM] Input elements should have autocomplete attributes (suggested: "current-password"): (More info: https://goo.gl/9p2vKq) %o @ http://localhost:4011/login:0
[   14744ms] [INFO] %cDownload the React DevTools for a better development experience: https://react.dev/link/react-devtools font-weight:bold @ http://localhost:4011/_next/static/chunks/node_modules_next_dist_1e8vcs8._.js:776
[   14768ms] [LOG] [HMR] connected @ http://localhost:4011/_next/static/chunks/node_modules_next_dist_1e8vcs8._.js:776
[   14836ms] [WARNING] Image with src "/admin-background.jpg" is using quality "100" which is not configured in images.qualities [70, 70, 70, 70, 70, 70, 70, 70, 70, 70, 70, 70, 70, 70, 70, 70, 70, 70, 70, 70, 70, 70, 70, 70, 70, 70, 70, 70, 70, 70, 70, 70, 70, 70, 75]. Please update your config to [100, 70, 70, 70, 70, 70, 70, 70, 70, 70, 70, 70, 70, 70, 70, 70, 70, 70, 70, 70, 70, 70, 70, 70, 70, 70, 70, 70, 70, 70, 70, 70, 70, 70, 70, 75].
Read more: https://nextjs.org/docs/messages/next-image-unconfigured-qualities @ http://localhost:4011/_next/static/chunks/node_modules_next_dist_1e8vcs8._.js:776
[   14836ms] [WARNING] Image with src "/admin-background.jpg" has legacy prop "layout". Did you forget to run the codemod?
Read more: https://nextjs.org/docs/messages/next-image-upgrade-to-13 @ http://localhost:4011/_next/static/chunks/node_modules_next_dist_1e8vcs8._.js:776
[   14836ms] [WARNING] Image with src "/admin-background.jpg" has legacy prop "objectFit". Did you forget to run the codemod?
Read more: https://nextjs.org/docs/messages/next-image-upgrade-to-13 @ http://localhost:4011/_next/static/chunks/node_modules_next_dist_1e8vcs8._.js:776
[   14886ms] [ERROR] Failed to load resource: the server responded with a status of 401 (Unauthorized) @ http://localhost:4001/v2/auth/me:0
[   14890ms] [ERROR] Failed to load resource: the server responded with a status of 401 (Unauthorized) @ http://localhost:4001/v2/auth/me:0
[   14890ms] [ERROR] Failed to load resource: the server responded with a status of 429 (Too Many Requests) @ http://localhost:4001/v2/auth/refresh:0
[   15011ms] [VERBOSE] [DOM] Input elements should have autocomplete attributes (suggested: "current-password"): (More info: https://goo.gl/9p2vKq) %o @ http://localhost:4011/login:0
[   15035ms] [INFO] %cDownload the React DevTools for a better development experience: https://react.dev/link/react-devtools font-weight:bold @ http://localhost:4011/_next/static/chunks/node_modules_next_dist_1e8vcs8._.js:776
[   15061ms] [LOG] [HMR] connected @ http://localhost:4011/_next/static/chunks/node_modules_next_dist_1e8vcs8._.js:776
[   15111ms] [WARNING] Image with src "/admin-background.jpg" is using quality "100" which is not configured in images.qualities [70, 70, 70, 70, 70, 70, 70, 70, 70, 70, 70, 70, 70, 70, 70, 70, 70, 70, 70, 70, 70, 70, 70, 70, 70, 70, 70, 70, 70, 70, 70, 70, 70, 70, 75]. Please update your config to [100, 70, 70, 70, 70, 70, 70, 70, 70, 70, 70, 70, 70, 70, 70, 70, 70, 70, 70, 70, 70, 70, 70, 70, 70, 70, 70, 70, 70, 70, 70, 70, 70, 70, 70, 75].
Read more: https://nextjs.org/docs/messages/next-image-unconfigured-qualities @ http://localhost:4011/_next/static/chunks/node_modules_next_dist_1e8vcs8._.js:776
[   15111ms] [WARNING] Image with src "/admin-background.jpg" has legacy prop "layout". Did you forget to run the codemod?
Read more: https://nextjs.org/docs/messages/next-image-upgrade-to-13 @ http://localhost:4011/_next/static/chunks/node_modules_next_dist_1e8vcs8._.js:776
[   15112ms] [WARNING] Image with src "/admin-background.jpg" has legacy prop "objectFit". Did you forget to run the codemod?
Read more: https://nextjs.org/docs/messages/next-image-upgrade-to-13 @ http://localhost:4011/_next/static/chunks/node_modules_next_dist_1e8vcs8._.js:776
[   15166ms] [ERROR] Failed to load resource: the server responded with a status of 401 (Unauthorized) @ http://localhost:4001/v2/auth/me:0
[   15169ms] [ERROR] Failed to load resource: the server responded with a status of 401 (Unauthorized) @ http://localhost:4001/v2/auth/me:0
[   15170ms] [ERROR] Failed to load resource: the server responded with a status of 429 (Too Many Requests) @ http://localhost:4001/v2/auth/refresh:0
[   15361ms] [VERBOSE] [DOM] Input elements should have autocomplete attributes (suggested: "current-password"): (More info: https://goo.gl/9p2vKq) %o @ http://localhost:4011/login:0
[   15370ms] [INFO] %cDownload the React DevTools for a better development experience: https://react.dev/link/react-devtools font-weight:bold @ http://localhost:4011/_next/static/chunks/node_modules_next_dist_1e8vcs8._.js:776
[   15393ms] [LOG] [HMR] connected @ http://localhost:4011/_next/static/chunks/node_modules_next_dist_1e8vcs8._.js:776
[   15451ms] [WARNING] Image with src "/admin-background.jpg" is using quality "100" which is not configured in images.qualities [70, 70, 70, 70, 70, 70, 70, 70, 70, 70, 70, 70, 70, 70, 70, 70, 70, 70, 70, 70, 70, 70, 70, 70, 70, 70, 70, 70, 70, 70, 70, 70, 70, 70, 75]. Please update your config to [100, 70, 70, 70, 70, 70, 70, 70, 70, 70, 70, 70, 70, 70, 70, 70, 70, 70, 70, 70, 70, 70, 70, 70, 70, 70, 70, 70, 70, 70, 70, 70, 70, 70, 70, 75].
Read more: https://nextjs.org/docs/messages/next-image-unconfigured-qualities @ http://localhost:4011/_next/static/chunks/node_modules_next_dist_1e8vcs8._.js:776
[   15451ms] [WARNING] Image with src "/admin-background.jpg" has legacy prop "layout". Did you forget to run the codemod?
Read more: https://nextjs.org/docs/messages/next-image-upgrade-to-13 @ http://localhost:4011/_next/static/chunks/node_modules_next_dist_1e8vcs8._.js:776
[   15452ms] [WARNING] Image with src "/admin-background.jpg" has legacy prop "objectFit". Did you forget to run the codemod?
Read more: https://nextjs.org/docs/messages/next-image-upgrade-to-13 @ http://localhost:4011/_next/static/chunks/node_modules_next_dist_1e8vcs8._.js:776
[   15497ms] [ERROR] Failed to load resource: the server responded with a status of 401 (Unauthorized) @ http://localhost:4001/v2/auth/me:0
[   15498ms] [ERROR] Failed to load resource: the server responded with a status of 401 (Unauthorized) @ http://localhost:4001/v2/auth/me:0
[   15500ms] [ERROR] Failed to load resource: the server responded with a status of 429 (Too Many Requests) @ http://localhost:4001/v2/auth/refresh:0
[   15702ms] [VERBOSE] [DOM] Input elements should have autocomplete attributes (suggested: "current-password"): (More info: https://goo.gl/9p2vKq) %o @ http://localhost:4011/login:0
[   15721ms] [INFO] %cDownload the React DevTools for a better development experience: https://react.dev/link/react-devtools font-weight:bold @ http://localhost:4011/_next/static/chunks/node_modules_next_dist_1e8vcs8._.js:776
[   15742ms] [LOG] [HMR] connected @ http://localhost:4011/_next/static/chunks/node_modules_next_dist_1e8vcs8._.js:776
[   15821ms] [WARNING] Image with src "/admin-background.jpg" is using quality "100" which is not configured in images.qualities [70, 70, 70, 70, 70, 70, 70, 70, 70, 70, 70, 70, 70, 70, 70, 70, 70, 70, 70, 70, 70, 70, 70, 70, 70, 70, 70, 70, 70, 70, 70, 70, 70, 70, 75]. Please update your config to [100, 70, 70, 70, 70, 70, 70, 70, 70, 70, 70, 70, 70, 70, 70, 70, 70, 70, 70, 70, 70, 70, 70, 70, 70, 70, 70, 70, 70, 70, 70, 70, 70, 70, 70, 75].
Read more: https://nextjs.org/docs/messages/next-image-unconfigured-qualities @ http://localhost:4011/_next/static/chunks/node_modules_next_dist_1e8vcs8._.js:776
[   15821ms] [WARNING] Image with src "/admin-background.jpg" has legacy prop "layout". Did you forget to run the codemod?
Read more: https://nextjs.org/docs/messages/next-image-upgrade-to-13 @ http://localhost:4011/_next/static/chunks/node_modules_next_dist_1e8vcs8._.js:776
[   15821ms] [WARNING] Image with src "/admin-background.jpg" has legacy prop "objectFit". Did you forget to run the codemod?
Read more: https://nextjs.org/docs/messages/next-image-upgrade-to-13 @ http://localhost:4011/_next/static/chunks/node_modules_next_dist_1e8vcs8._.js:776
[   15867ms] [ERROR] Failed to load resource: the server responded with a status of 401 (Unauthorized) @ http://localhost:4001/v2/auth/me:0
[   15868ms] [ERROR] Failed to load resource: the server responded with a status of 401 (Unauthorized) @ http://localhost:4001/v2/auth/me:0
[   15871ms] [ERROR] Failed to load resource: the server responded with a status of 429 (Too Many Requests) @ http://localhost:4001/v2/auth/refresh:0
[   16083ms] [VERBOSE] [DOM] Input elements should have autocomplete attributes (suggested: "current-password"): (More info: https://goo.gl/9p2vKq) %o @ http://localhost:4011/login:0
[   16099ms] [INFO] %cDownload the React DevTools for a better development experience: https://react.dev/link/react-devtools font-weight:bold @ http://localhost:4011/_next/static/chunks/node_modules_next_dist_1e8vcs8._.js:776
[   16120ms] [LOG] [HMR] connected @ http://localhost:4011/_next/static/chunks/node_modules_next_dist_1e8vcs8._.js:776
[   16181ms] [WARNING] Image with src "/admin-background.jpg" is using quality "100" which is not configured in images.qualities [70, 70, 70, 70, 70, 70, 70, 70, 70, 70, 70, 70, 70, 70, 70, 70, 70, 70, 70, 70, 70, 70, 70, 70, 70, 70, 70, 70, 70, 70, 70, 70, 70, 70, 75]. Please update your config to [100, 70, 70, 70, 70, 70, 70, 70, 70, 70, 70, 70, 70, 70, 70, 70, 70, 70, 70, 70, 70, 70, 70, 70, 70, 70, 70, 70, 70, 70, 70, 70, 70, 70, 70, 75].
Read more: https://nextjs.org/docs/messages/next-image-unconfigured-qualities @ http://localhost:4011/_next/static/chunks/node_modules_next_dist_1e8vcs8._.js:776
[   16182ms] [WARNING] Image with src "/admin-background.jpg" has legacy prop "layout". Did you forget to run the codemod?
Read more: https://nextjs.org/docs/messages/next-image-upgrade-to-13 @ http://localhost:4011/_next/static/chunks/node_modules_next_dist_1e8vcs8._.js:776
[   16182ms] [WARNING] Image with src "/admin-background.jpg" has legacy prop "objectFit". Did you forget to run the codemod?
Read more: https://nextjs.org/docs/messages/next-image-upgrade-to-13 @ http://localhost:4011/_next/static/chunks/node_modules_next_dist_1e8vcs8._.js:776
[   16226ms] [ERROR] Failed to load resource: the server responded with a status of 401 (Unauthorized) @ http://localhost:4001/v2/auth/me:0
[   16227ms] [ERROR] Failed to load resource: the server responded with a status of 401 (Unauthorized) @ http://localhost:4001/v2/auth/me:0
[   16229ms] [ERROR] Failed to load resource: the server responded with a status of 429 (Too Many Requests) @ http://localhost:4001/v2/auth/refresh:0
[   16392ms] [VERBOSE] [DOM] Input elements should have autocomplete attributes (suggested: "current-password"): (More info: https://goo.gl/9p2vKq) %o @ http://localhost:4011/login:0
[   16402ms] [INFO] %cDownload the React DevTools for a better development experience: https://react.dev/link/react-devtools font-weight:bold @ http://localhost:4011/_next/static/chunks/node_modules_next_dist_1e8vcs8._.js:776
[   16420ms] [LOG] [HMR] connected @ http://localhost:4011/_next/static/chunks/node_modules_next_dist_1e8vcs8._.js:776
[   16470ms] [WARNING] Image with src "/admin-background.jpg" is using quality "100" which is not configured in images.qualities [70, 70, 70, 70, 70, 70, 70, 70, 70, 70, 70, 70, 70, 70, 70, 70, 70, 70, 70, 70, 70, 70, 70, 70, 70, 70, 70, 70, 70, 70, 70, 70, 70, 70, 75]. Please update your config to [100, 70, 70, 70, 70, 70, 70, 70, 70, 70, 70, 70, 70, 70, 70, 70, 70, 70, 70, 70, 70, 70, 70, 70, 70, 70, 70, 70, 70, 70, 70, 70, 70, 70, 70, 75].
Read more: https://nextjs.org/docs/messages/next-image-unconfigured-qualities @ http://localhost:4011/_next/static/chunks/node_modules_next_dist_1e8vcs8._.js:776
[   16470ms] [WARNING] Image with src "/admin-background.jpg" has legacy prop "layout". Did you forget to run the codemod?
Read more: https://nextjs.org/docs/messages/next-image-upgrade-to-13 @ http://localhost:4011/_next/static/chunks/node_modules_next_dist_1e8vcs8._.js:776
[   16470ms] [WARNING] Image with src "/admin-background.jpg" has legacy prop "objectFit". Did you forget to run the codemod?
Read more: https://nextjs.org/docs/messages/next-image-upgrade-to-13 @ http://localhost:4011/_next/static/chunks/node_modules_next_dist_1e8vcs8._.js:776
[   16517ms] [ERROR] Failed to load resource: the server responded with a status of 401 (Unauthorized) @ http://localhost:4001/v2/auth/me:0
[   16517ms] [ERROR] Failed to load resource: the server responded with a status of 401 (Unauthorized) @ http://localhost:4001/v2/auth/me:0
[   16520ms] [ERROR] Failed to load resource: the server responded with a status of 429 (Too Many Requests) @ http://localhost:4001/v2/auth/refresh:0
[   16772ms] [VERBOSE] [DOM] Input elements should have autocomplete attributes (suggested: "current-password"): (More info: https://goo.gl/9p2vKq) %o @ http://localhost:4011/login:0
[   16799ms] [INFO] %cDownload the React DevTools for a better development experience: https://react.dev/link/react-devtools font-weight:bold @ http://localhost:4011/_next/static/chunks/node_modules_next_dist_1e8vcs8._.js:776
[   16814ms] [LOG] [HMR] connected @ http://localhost:4011/_next/static/chunks/node_modules_next_dist_1e8vcs8._.js:776
[   16882ms] [WARNING] Image with src "/admin-background.jpg" is using quality "100" which is not configured in images.qualities [70, 70, 70, 70, 70, 70, 70, 70, 70, 70, 70, 70, 70, 70, 70, 70, 70, 70, 70, 70, 70, 70, 70, 70, 70, 70, 70, 70, 70, 70, 70, 70, 70, 70, 75]. Please update your config to [100, 70, 70, 70, 70, 70, 70, 70, 70, 70, 70, 70, 70, 70, 70, 70, 70, 70, 70, 70, 70, 70, 70, 70, 70, 70, 70, 70, 70, 70, 70, 70, 70, 70, 70, 75].
Read more: https://nextjs.org/docs/messages/next-image-unconfigured-qualities @ http://localhost:4011/_next/static/chunks/node_modules_next_dist_1e8vcs8._.js:776
[   16882ms] [WARNING] Image with src "/admin-background.jpg" has legacy prop "layout". Did you forget to run the codemod?
Read more: https://nextjs.org/docs/messages/next-image-upgrade-to-13 @ http://localhost:4011/_next/static/chunks/node_modules_next_dist_1e8vcs8._.js:776
[   16882ms] [WARNING] Image with src "/admin-background.jpg" has legacy prop "objectFit". Did you forget to run the codemod?
Read more: https://nextjs.org/docs/messages/next-image-upgrade-to-13 @ http://localhost:4011/_next/static/chunks/node_modules_next_dist_1e8vcs8._.js:776
[   16932ms] [ERROR] Failed to load resource: the server responded with a status of 401 (Unauthorized) @ http://localhost:4001/v2/auth/me:0
[   16932ms] [ERROR] Failed to load resource: the server responded with a status of 401 (Unauthorized) @ http://localhost:4001/v2/auth/me:0
[   16935ms] [ERROR] Failed to load resource: the server responded with a status of 429 (Too Many Requests) @ http://localhost:4001/v2/auth/refresh:0
[   17144ms] [VERBOSE] [DOM] Input elements should have autocomplete attributes (suggested: "current-password"): (More info: https://goo.gl/9p2vKq) %o @ http://localhost:4011/login:0
[   17169ms] [INFO] %cDownload the React DevTools for a better development experience: https://react.dev/link/react-devtools font-weight:bold @ http://localhost:4011/_next/static/chunks/node_modules_next_dist_1e8vcs8._.js:776
[   17190ms] [LOG] [HMR] connected @ http://localhost:4011/_next/static/chunks/node_modules_next_dist_1e8vcs8._.js:776
[   17244ms] [WARNING] Image with src "/admin-background.jpg" is using quality "100" which is not configured in images.qualities [70, 70, 70, 70, 70, 70, 70, 70, 70, 70, 70, 70, 70, 70, 70, 70, 70, 70, 70, 70, 70, 70, 70, 70, 70, 70, 70, 70, 70, 70, 70, 70, 70, 70, 75]. Please update your config to [100, 70, 70, 70, 70, 70, 70, 70, 70, 70, 70, 70, 70, 70, 70, 70, 70, 70, 70, 70, 70, 70, 70, 70, 70, 70, 70, 70, 70, 70, 70, 70, 70, 70, 70, 75].
Read more: https://nextjs.org/docs/messages/next-image-unconfigured-qualities @ http://localhost:4011/_next/static/chunks/node_modules_next_dist_1e8vcs8._.js:776
[   17244ms] [WARNING] Image with src "/admin-background.jpg" has legacy prop "layout". Did you forget to run the codemod?
Read more: https://nextjs.org/docs/messages/next-image-upgrade-to-13 @ http://localhost:4011/_next/static/chunks/node_modules_next_dist_1e8vcs8._.js:776
[   17244ms] [WARNING] Image with src "/admin-background.jpg" has legacy prop "objectFit". Did you forget to run the codemod?
Read more: https://nextjs.org/docs/messages/next-image-upgrade-to-13 @ http://localhost:4011/_next/static/chunks/node_modules_next_dist_1e8vcs8._.js:776
[   17293ms] [ERROR] Failed to load resource: the server responded with a status of 401 (Unauthorized) @ http://localhost:4001/v2/auth/me:0
[   17293ms] [ERROR] Failed to load resource: the server responded with a status of 401 (Unauthorized) @ http://localhost:4001/v2/auth/me:0
[   17295ms] [ERROR] Failed to load resource: the server responded with a status of 429 (Too Many Requests) @ http://localhost:4001/v2/auth/refresh:0
[   17396ms] [VERBOSE] [DOM] Input elements should have autocomplete attributes (suggested: "current-password"): (More info: https://goo.gl/9p2vKq) %o @ http://localhost:4011/login:0
[   17411ms] [INFO] %cDownload the React DevTools for a better development experience: https://react.dev/link/react-devtools font-weight:bold @ http://localhost:4011/_next/static/chunks/node_modules_next_dist_1e8vcs8._.js:776
[   17437ms] [LOG] [HMR] connected @ http://localhost:4011/_next/static/chunks/node_modules_next_dist_1e8vcs8._.js:776
[   17488ms] [WARNING] Image with src "/admin-background.jpg" is using quality "100" which is not configured in images.qualities [70, 70, 70, 70, 70, 70, 70, 70, 70, 70, 70, 70, 70, 70, 70, 70, 70, 70, 70, 70, 70, 70, 70, 70, 70, 70, 70, 70, 70, 70, 70, 70, 70, 70, 75]. Please update your config to [100, 70, 70, 70, 70, 70, 70, 70, 70, 70, 70, 70, 70, 70, 70, 70, 70, 70, 70, 70, 70, 70, 70, 70, 70, 70, 70, 70, 70, 70, 70, 70, 70, 70, 70, 75].
Read more: https://nextjs.org/docs/messages/next-image-unconfigured-qualities @ http://localhost:4011/_next/static/chunks/node_modules_next_dist_1e8vcs8._.js:776
[   17489ms] [WARNING] Image with src "/admin-background.jpg" has legacy prop "layout". Did you forget to run the codemod?
Read more: https://nextjs.org/docs/messages/next-image-upgrade-to-13 @ http://localhost:4011/_next/static/chunks/node_modules_next_dist_1e8vcs8._.js:776
[   17489ms] [WARNING] Image with src "/admin-background.jpg" has legacy prop "objectFit". Did you forget to run the codemod?
Read more: https://nextjs.org/docs/messages/next-image-upgrade-to-13 @ http://localhost:4011/_next/static/chunks/node_modules_next_dist_1e8vcs8._.js:776
[   17529ms] [ERROR] Failed to load resource: the server responded with a status of 401 (Unauthorized) @ http://localhost:4001/v2/auth/me:0
[   17530ms] [ERROR] Failed to load resource: the server responded with a status of 401 (Unauthorized) @ http://localhost:4001/v2/auth/me:0
[   17532ms] [ERROR] Failed to load resource: the server responded with a status of 429 (Too Many Requests) @ http://localhost:4001/v2/auth/refresh:0
[   17652ms] [VERBOSE] [DOM] Input elements should have autocomplete attributes (suggested: "current-password"): (More info: https://goo.gl/9p2vKq) %o @ http://localhost:4011/login:0
[   17664ms] [INFO] %cDownload the React DevTools for a better development experience: https://react.dev/link/react-devtools font-weight:bold @ http://localhost:4011/_next/static/chunks/node_modules_next_dist_1e8vcs8._.js:776
[   17686ms] [LOG] [HMR] connected @ http://localhost:4011/_next/static/chunks/node_modules_next_dist_1e8vcs8._.js:776
[   17740ms] [WARNING] Image with src "/admin-background.jpg" is using quality "100" which is not configured in images.qualities [70, 70, 70, 70, 70, 70, 70, 70, 70, 70, 70, 70, 70, 70, 70, 70, 70, 70, 70, 70, 70, 70, 70, 70, 70, 70, 70, 70, 70, 70, 70, 70, 70, 70, 75]. Please update your config to [100, 70, 70, 70, 70, 70, 70, 70, 70, 70, 70, 70, 70, 70, 70, 70, 70, 70, 70, 70, 70, 70, 70, 70, 70, 70, 70, 70, 70, 70, 70, 70, 70, 70, 70, 75].
Read more: https://nextjs.org/docs/messages/next-image-unconfigured-qualities @ http://localhost:4011/_next/static/chunks/node_modules_next_dist_1e8vcs8._.js:776
[   17741ms] [WARNING] Image with src "/admin-background.jpg" has legacy prop "layout". Did you forget to run the codemod?
Read more: https://nextjs.org/docs/messages/next-image-upgrade-to-13 @ http://localhost:4011/_next/static/chunks/node_modules_next_dist_1e8vcs8._.js:776
[   17741ms] [WARNING] Image with src "/admin-background.jpg" has legacy prop "objectFit". Did you forget to run the codemod?
Read more: https://nextjs.org/docs/messages/next-image-upgrade-to-13 @ http://localhost:4011/_next/static/chunks/node_modules_next_dist_1e8vcs8._.js:776
[   17793ms] [ERROR] Failed to load resource: the server responded with a status of 401 (Unauthorized) @ http://localhost:4001/v2/auth/me:0
[   17795ms] [ERROR] Failed to load resource: the server responded with a status of 401 (Unauthorized) @ http://localhost:4001/v2/auth/me:0
[   17799ms] [ERROR] Failed to load resource: the server responded with a status of 429 (Too Many Requests) @ http://localhost:4001/v2/auth/refresh:0
[   17936ms] [VERBOSE] [DOM] Input elements should have autocomplete attributes (suggested: "current-password"): (More info: https://goo.gl/9p2vKq) %o @ http://localhost:4011/login:0
[   17948ms] [INFO] %cDownload the React DevTools for a better development experience: https://react.dev/link/react-devtools font-weight:bold @ http://localhost:4011/_next/static/chunks/node_modules_next_dist_1e8vcs8._.js:776
[   17970ms] [LOG] [HMR] connected @ http://localhost:4011/_next/static/chunks/node_modules_next_dist_1e8vcs8._.js:776
[   18032ms] [WARNING] Image with src "/admin-background.jpg" is using quality "100" which is not configured in images.qualities [70, 70, 70, 70, 70, 70, 70, 70, 70, 70, 70, 70, 70, 70, 70, 70, 70, 70, 70, 70, 70, 70, 70, 70, 70, 70, 70, 70, 70, 70, 70, 70, 70, 70, 75]. Please update your config to [100, 70, 70, 70, 70, 70, 70, 70, 70, 70, 70, 70, 70, 70, 70, 70, 70, 70, 70, 70, 70, 70, 70, 70, 70, 70, 70, 70, 70, 70, 70, 70, 70, 70, 70, 75].
Read more: https://nextjs.org/docs/messages/next-image-unconfigured-qualities @ http://localhost:4011/_next/static/chunks/node_modules_next_dist_1e8vcs8._.js:776
[   18032ms] [WARNING] Image with src "/admin-background.jpg" has legacy prop "layout". Did you forget to run the codemod?
Read more: https://nextjs.org/docs/messages/next-image-upgrade-to-13 @ http://localhost:4011/_next/static/chunks/node_modules_next_dist_1e8vcs8._.js:776
[   18032ms] [WARNING] Image with src "/admin-background.jpg" has legacy prop "objectFit". Did you forget to run the codemod?
Read more: https://nextjs.org/docs/messages/next-image-upgrade-to-13 @ http://localhost:4011/_next/static/chunks/node_modules_next_dist_1e8vcs8._.js:776
[   18086ms] [ERROR] Failed to load resource: the server responded with a status of 401 (Unauthorized) @ http://localhost:4001/v2/auth/me:0
[   18089ms] [ERROR] Failed to load resource: the server responded with a status of 401 (Unauthorized) @ http://localhost:4001/v2/auth/me:0
[   18089ms] [ERROR] Failed to load resource: the server responded with a status of 429 (Too Many Requests) @ http://localhost:4001/v2/auth/refresh:0
[   18297ms] [VERBOSE] [DOM] Input elements should have autocomplete attributes (suggested: "current-password"): (More info: https://goo.gl/9p2vKq) %o @ http://localhost:4011/login:0
[   18316ms] [INFO] %cDownload the React DevTools for a better development experience: https://react.dev/link/react-devtools font-weight:bold @ http://localhost:4011/_next/static/chunks/node_modules_next_dist_1e8vcs8._.js:776
[   18335ms] [LOG] [HMR] connected @ http://localhost:4011/_next/static/chunks/node_modules_next_dist_1e8vcs8._.js:776
[   18418ms] [WARNING] Image with src "/admin-background.jpg" is using quality "100" which is not configured in images.qualities [70, 70, 70, 70, 70, 70, 70, 70, 70, 70, 70, 70, 70, 70, 70, 70, 70, 70, 70, 70, 70, 70, 70, 70, 70, 70, 70, 70, 70, 70, 70, 70, 70, 70, 75]. Please update your config to [100, 70, 70, 70, 70, 70, 70, 70, 70, 70, 70, 70, 70, 70, 70, 70, 70, 70, 70, 70, 70, 70, 70, 70, 70, 70, 70, 70, 70, 70, 70, 70, 70, 70, 70, 75].
Read more: https://nextjs.org/docs/messages/next-image-unconfigured-qualities @ http://localhost:4011/_next/static/chunks/node_modules_next_dist_1e8vcs8._.js:776
[   18418ms] [WARNING] Image with src "/admin-background.jpg" has legacy prop "layout". Did you forget to run the codemod?
Read more: https://nextjs.org/docs/messages/next-image-upgrade-to-13 @ http://localhost:4011/_next/static/chunks/node_modules_next_dist_1e8vcs8._.js:776
[   18419ms] [WARNING] Image with src "/admin-background.jpg" has legacy prop "objectFit". Did you forget to run the codemod?
Read more: https://nextjs.org/docs/messages/next-image-upgrade-to-13 @ http://localhost:4011/_next/static/chunks/node_modules_next_dist_1e8vcs8._.js:776
[   18463ms] [ERROR] Failed to load resource: the server responded with a status of 401 (Unauthorized) @ http://localhost:4001/v2/auth/me:0
[   18465ms] [ERROR] Failed to load resource: the server responded with a status of 401 (Unauthorized) @ http://localhost:4001/v2/auth/me:0
[   18466ms] [ERROR] Failed to load resource: the server responded with a status of 429 (Too Many Requests) @ http://localhost:4001/v2/auth/refresh:0
[   18562ms] [VERBOSE] [DOM] Input elements should have autocomplete attributes (suggested: "current-password"): (More info: https://goo.gl/9p2vKq) %o @ http://localhost:4011/login:0
[   18572ms] [INFO] %cDownload the React DevTools for a better development experience: https://react.dev/link/react-devtools font-weight:bold @ http://localhost:4011/_next/static/chunks/node_modules_next_dist_1e8vcs8._.js:776
[   18588ms] [LOG] [HMR] connected @ http://localhost:4011/_next/static/chunks/node_modules_next_dist_1e8vcs8._.js:776
[   18648ms] [WARNING] Image with src "/admin-background.jpg" is using quality "100" which is not configured in images.qualities [70, 70, 70, 70, 70, 70, 70, 70, 70, 70, 70, 70, 70, 70, 70, 70, 70, 70, 70, 70, 70, 70, 70, 70, 70, 70, 70, 70, 70, 70, 70, 70, 70, 70, 75]. Please update your config to [100, 70, 70, 70, 70, 70, 70, 70, 70, 70, 70, 70, 70, 70, 70, 70, 70, 70, 70, 70, 70, 70, 70, 70, 70, 70, 70, 70, 70, 70, 70, 70, 70, 70, 70, 75].
Read more: https://nextjs.org/docs/messages/next-image-unconfigured-qualities @ http://localhost:4011/_next/static/chunks/node_modules_next_dist_1e8vcs8._.js:776
[   18648ms] [WARNING] Image with src "/admin-background.jpg" has legacy prop "layout". Did you forget to run the codemod?
Read more: https://nextjs.org/docs/messages/next-image-upgrade-to-13 @ http://localhost:4011/_next/static/chunks/node_modules_next_dist_1e8vcs8._.js:776
[   18648ms] [WARNING] Image with src "/admin-background.jpg" has legacy prop "objectFit". Did you forget to run the codemod?
Read more: https://nextjs.org/docs/messages/next-image-upgrade-to-13 @ http://localhost:4011/_next/static/chunks/node_modules_next_dist_1e8vcs8._.js:776
[   18697ms] [ERROR] Failed to load resource: the server responded with a status of 401 (Unauthorized) @ http://localhost:4001/v2/auth/me:0
[   18700ms] [ERROR] Failed to load resource: the server responded with a status of 401 (Unauthorized) @ http://localhost:4001/v2/auth/me:0
[   18700ms] [ERROR] Failed to load resource: the server responded with a status of 429 (Too Many Requests) @ http://localhost:4001/v2/auth/refresh:0
[   18811ms] [VERBOSE] [DOM] Input elements should have autocomplete attributes (suggested: "current-password"): (More info: https://goo.gl/9p2vKq) %o @ http://localhost:4011/login:0
[   18819ms] [INFO] %cDownload the React DevTools for a better development experience: https://react.dev/link/react-devtools font-weight:bold @ http://localhost:4011/_next/static/chunks/node_modules_next_dist_1e8vcs8._.js:776
[   18836ms] [LOG] [HMR] connected @ http://localhost:4011/_next/static/chunks/node_modules_next_dist_1e8vcs8._.js:776
[   18897ms] [WARNING] Image with src "/admin-background.jpg" is using quality "100" which is not configured in images.qualities [70, 70, 70, 70, 70, 70, 70, 70, 70, 70, 70, 70, 70, 70, 70, 70, 70, 70, 70, 70, 70, 70, 70, 70, 70, 70, 70, 70, 70, 70, 70, 70, 70, 70, 75]. Please update your config to [100, 70, 70, 70, 70, 70, 70, 70, 70, 70, 70, 70, 70, 70, 70, 70, 70, 70, 70, 70, 70, 70, 70, 70, 70, 70, 70, 70, 70, 70, 70, 70, 70, 70, 70, 75].
Read more: https://nextjs.org/docs/messages/next-image-unconfigured-qualities @ http://localhost:4011/_next/static/chunks/node_modules_next_dist_1e8vcs8._.js:776
[   18897ms] [WARNING] Image with src "/admin-background.jpg" has legacy prop "layout". Did you forget to run the codemod?
Read more: https://nextjs.org/docs/messages/next-image-upgrade-to-13 @ http://localhost:4011/_next/static/chunks/node_modules_next_dist_1e8vcs8._.js:776
[   18897ms] [WARNING] Image with src "/admin-background.jpg" has legacy prop "objectFit". Did you forget to run the codemod?
Read more: https://nextjs.org/docs/messages/next-image-upgrade-to-13 @ http://localhost:4011/_next/static/chunks/node_modules_next_dist_1e8vcs8._.js:776
[   18950ms] [ERROR] Failed to load resource: the server responded with a status of 401 (Unauthorized) @ http://localhost:4001/v2/auth/me:0
[   18951ms] [ERROR] Failed to load resource: the server responded with a status of 401 (Unauthorized) @ http://localhost:4001/v2/auth/me:0
[   18953ms] [ERROR] Failed to load resource: the server responded with a status of 429 (Too Many Requests) @ http://localhost:4001/v2/auth/refresh:0
[   19129ms] [VERBOSE] [DOM] Input elements should have autocomplete attributes (suggested: "current-password"): (More info: https://goo.gl/9p2vKq) %o @ http://localhost:4011/login:0
[   19141ms] [INFO] %cDownload the React DevTools for a better development experience: https://react.dev/link/react-devtools font-weight:bold @ http://localhost:4011/_next/static/chunks/node_modules_next_dist_1e8vcs8._.js:776
[   19170ms] [LOG] [HMR] connected @ http://localhost:4011/_next/static/chunks/node_modules_next_dist_1e8vcs8._.js:776
[   19219ms] [WARNING] Image with src "/admin-background.jpg" is using quality "100" which is not configured in images.qualities [70, 70, 70, 70, 70, 70, 70, 70, 70, 70, 70, 70, 70, 70, 70, 70, 70, 70, 70, 70, 70, 70, 70, 70, 70, 70, 70, 70, 70, 70, 70, 70, 70, 70, 75]. Please update your config to [100, 70, 70, 70, 70, 70, 70, 70, 70, 70, 70, 70, 70, 70, 70, 70, 70, 70, 70, 70, 70, 70, 70, 70, 70, 70, 70, 70, 70, 70, 70, 70, 70, 70, 70, 75].
Read more: https://nextjs.org/docs/messages/next-image-unconfigured-qualities @ http://localhost:4011/_next/static/chunks/node_modules_next_dist_1e8vcs8._.js:776
[   19220ms] [WARNING] Image with src "/admin-background.jpg" has legacy prop "layout". Did you forget to run the codemod?
Read more: https://nextjs.org/docs/messages/next-image-upgrade-to-13 @ http://localhost:4011/_next/static/chunks/node_modules_next_dist_1e8vcs8._.js:776
[   19220ms] [WARNING] Image with src "/admin-background.jpg" has legacy prop "objectFit". Did you forget to run the codemod?
Read more: https://nextjs.org/docs/messages/next-image-upgrade-to-13 @ http://localhost:4011/_next/static/chunks/node_modules_next_dist_1e8vcs8._.js:776
[   19275ms] [ERROR] Failed to load resource: the server responded with a status of 401 (Unauthorized) @ http://localhost:4001/v2/auth/me:0
[   19277ms] [ERROR] Failed to load resource: the server responded with a status of 401 (Unauthorized) @ http://localhost:4001/v2/auth/me:0
[   19277ms] [ERROR] Failed to load resource: the server responded with a status of 429 (Too Many Requests) @ http://localhost:4001/v2/auth/refresh:0
[   19483ms] [VERBOSE] [DOM] Input elements should have autocomplete attributes (suggested: "current-password"): (More info: https://goo.gl/9p2vKq) %o @ http://localhost:4011/login:0
[   19499ms] [INFO] %cDownload the React DevTools for a better development experience: https://react.dev/link/react-devtools font-weight:bold @ http://localhost:4011/_next/static/chunks/node_modules_next_dist_1e8vcs8._.js:776
[   19517ms] [LOG] [HMR] connected @ http://localhost:4011/_next/static/chunks/node_modules_next_dist_1e8vcs8._.js:776
[   19567ms] [WARNING] Image with src "/admin-background.jpg" is using quality "100" which is not configured in images.qualities [70, 70, 70, 70, 70, 70, 70, 70, 70, 70, 70, 70, 70, 70, 70, 70, 70, 70, 70, 70, 70, 70, 70, 70, 70, 70, 70, 70, 70, 70, 70, 70, 70, 70, 75]. Please update your config to [100, 70, 70, 70, 70, 70, 70, 70, 70, 70, 70, 70, 70, 70, 70, 70, 70, 70, 70, 70, 70, 70, 70, 70, 70, 70, 70, 70, 70, 70, 70, 70, 70, 70, 70, 75].
Read more: https://nextjs.org/docs/messages/next-image-unconfigured-qualities @ http://localhost:4011/_next/static/chunks/node_modules_next_dist_1e8vcs8._.js:776
[   19568ms] [WARNING] Image with src "/admin-background.jpg" has legacy prop "layout". Did you forget to run the codemod?
Read more: https://nextjs.org/docs/messages/next-image-upgrade-to-13 @ http://localhost:4011/_next/static/chunks/node_modules_next_dist_1e8vcs8._.js:776
[   19568ms] [WARNING] Image with src "/admin-background.jpg" has legacy prop "objectFit". Did you forget to run the codemod?
Read more: https://nextjs.org/docs/messages/next-image-upgrade-to-13 @ http://localhost:4011/_next/static/chunks/node_modules_next_dist_1e8vcs8._.js:776
[   19610ms] [ERROR] Failed to load resource: the server responded with a status of 401 (Unauthorized) @ http://localhost:4001/v2/auth/me:0
[   19611ms] [ERROR] Failed to load resource: the server responded with a status of 401 (Unauthorized) @ http://localhost:4001/v2/auth/me:0
[   19612ms] [ERROR] Failed to load resource: the server responded with a status of 429 (Too Many Requests) @ http://localhost:4001/v2/auth/refresh:0
[   19825ms] [VERBOSE] [DOM] Input elements should have autocomplete attributes (suggested: "current-password"): (More info: https://goo.gl/9p2vKq) %o @ http://localhost:4011/login:0
[   19839ms] [INFO] %cDownload the React DevTools for a better development experience: https://react.dev/link/react-devtools font-weight:bold @ http://localhost:4011/_next/static/chunks/node_modules_next_dist_1e8vcs8._.js:776
[   19860ms] [LOG] [HMR] connected @ http://localhost:4011/_next/static/chunks/node_modules_next_dist_1e8vcs8._.js:776
[   19923ms] [WARNING] Image with src "/admin-background.jpg" is using quality "100" which is not configured in images.qualities [70, 70, 70, 70, 70, 70, 70, 70, 70, 70, 70, 70, 70, 70, 70, 70, 70, 70, 70, 70, 70, 70, 70, 70, 70, 70, 70, 70, 70, 70, 70, 70, 70, 70, 75]. Please update your config to [100, 70, 70, 70, 70, 70, 70, 70, 70, 70, 70, 70, 70, 70, 70, 70, 70, 70, 70, 70, 70, 70, 70, 70, 70, 70, 70, 70, 70, 70, 70, 70, 70, 70, 70, 75].
Read more: https://nextjs.org/docs/messages/next-image-unconfigured-qualities @ http://localhost:4011/_next/static/chunks/node_modules_next_dist_1e8vcs8._.js:776
[   19923ms] [WARNING] Image with src "/admin-background.jpg" has legacy prop "layout". Did you forget to run the codemod?
Read more: https://nextjs.org/docs/messages/next-image-upgrade-to-13 @ http://localhost:4011/_next/static/chunks/node_modules_next_dist_1e8vcs8._.js:776
[   19923ms] [WARNING] Image with src "/admin-background.jpg" has legacy prop "objectFit". Did you forget to run the codemod?
Read more: https://nextjs.org/docs/messages/next-image-upgrade-to-13 @ http://localhost:4011/_next/static/chunks/node_modules_next_dist_1e8vcs8._.js:776
[   19972ms] [ERROR] Failed to load resource: the server responded with a status of 401 (Unauthorized) @ http://localhost:4001/v2/auth/me:0
[   19972ms] [ERROR] Failed to load resource: the server responded with a status of 401 (Unauthorized) @ http://localhost:4001/v2/auth/me:0
[   19975ms] [ERROR] Failed to load resource: the server responded with a status of 429 (Too Many Requests) @ http://localhost:4001/v2/auth/refresh:0
[   20093ms] [VERBOSE] [DOM] Input elements should have autocomplete attributes (suggested: "current-password"): (More info: https://goo.gl/9p2vKq) %o @ http://localhost:4011/login:0
[   20108ms] [INFO] %cDownload the React DevTools for a better development experience: https://react.dev/link/react-devtools font-weight:bold @ http://localhost:4011/_next/static/chunks/node_modules_next_dist_1e8vcs8._.js:776
[   20148ms] [LOG] [HMR] connected @ http://localhost:4011/_next/static/chunks/node_modules_next_dist_1e8vcs8._.js:776
[   20195ms] [WARNING] Image with src "/admin-background.jpg" is using quality "100" which is not configured in images.qualities [70, 70, 70, 70, 70, 70, 70, 70, 70, 70, 70, 70, 70, 70, 70, 70, 70, 70, 70, 70, 70, 70, 70, 70, 70, 70, 70, 70, 70, 70, 70, 70, 70, 70, 75]. Please update your config to [100, 70, 70, 70, 70, 70, 70, 70, 70, 70, 70, 70, 70, 70, 70, 70, 70, 70, 70, 70, 70, 70, 70, 70, 70, 70, 70, 70, 70, 70, 70, 70, 70, 70, 70, 75].
Read more: https://nextjs.org/docs/messages/next-image-unconfigured-qualities @ http://localhost:4011/_next/static/chunks/node_modules_next_dist_1e8vcs8._.js:776
[   20196ms] [WARNING] Image with src "/admin-background.jpg" has legacy prop "layout". Did you forget to run the codemod?
Read more: https://nextjs.org/docs/messages/next-image-upgrade-to-13 @ http://localhost:4011/_next/static/chunks/node_modules_next_dist_1e8vcs8._.js:776
[   20196ms] [WARNING] Image with src "/admin-background.jpg" has legacy prop "objectFit". Did you forget to run the codemod?
Read more: https://nextjs.org/docs/messages/next-image-upgrade-to-13 @ http://localhost:4011/_next/static/chunks/node_modules_next_dist_1e8vcs8._.js:776
[   20248ms] [ERROR] Failed to load resource: the server responded with a status of 401 (Unauthorized) @ http://localhost:4001/v2/auth/me:0
[   20249ms] [ERROR] Failed to load resource: the server responded with a status of 401 (Unauthorized) @ http://localhost:4001/v2/auth/me:0
[   20251ms] [ERROR] Failed to load resource: the server responded with a status of 429 (Too Many Requests) @ http://localhost:4001/v2/auth/refresh:0
[   20452ms] [VERBOSE] [DOM] Input elements should have autocomplete attributes (suggested: "current-password"): (More info: https://goo.gl/9p2vKq) %o @ http://localhost:4011/login:0
[   20467ms] [INFO] %cDownload the React DevTools for a better development experience: https://react.dev/link/react-devtools font-weight:bold @ http://localhost:4011/_next/static/chunks/node_modules_next_dist_1e8vcs8._.js:776
[   20490ms] [LOG] [HMR] connected @ http://localhost:4011/_next/static/chunks/node_modules_next_dist_1e8vcs8._.js:776
[   20561ms] [WARNING] Image with src "/admin-background.jpg" is using quality "100" which is not configured in images.qualities [70, 70, 70, 70, 70, 70, 70, 70, 70, 70, 70, 70, 70, 70, 70, 70, 70, 70, 70, 70, 70, 70, 70, 70, 70, 70, 70, 70, 70, 70, 70, 70, 70, 70, 75]. Please update your config to [100, 70, 70, 70, 70, 70, 70, 70, 70, 70, 70, 70, 70, 70, 70, 70, 70, 70, 70, 70, 70, 70, 70, 70, 70, 70, 70, 70, 70, 70, 70, 70, 70, 70, 70, 75].
Read more: https://nextjs.org/docs/messages/next-image-unconfigured-qualities @ http://localhost:4011/_next/static/chunks/node_modules_next_dist_1e8vcs8._.js:776
[   20561ms] [WARNING] Image with src "/admin-background.jpg" has legacy prop "layout". Did you forget to run the codemod?
Read more: https://nextjs.org/docs/messages/next-image-upgrade-to-13 @ http://localhost:4011/_next/static/chunks/node_modules_next_dist_1e8vcs8._.js:776
[   20561ms] [WARNING] Image with src "/admin-background.jpg" has legacy prop "objectFit". Did you forget to run the codemod?
Read more: https://nextjs.org/docs/messages/next-image-upgrade-to-13 @ http://localhost:4011/_next/static/chunks/node_modules_next_dist_1e8vcs8._.js:776
[   20612ms] [ERROR] Failed to load resource: the server responded with a status of 401 (Unauthorized) @ http://localhost:4001/v2/auth/me:0
[   20615ms] [ERROR] Failed to load resource: the server responded with a status of 401 (Unauthorized) @ http://localhost:4001/v2/auth/me:0
[   20615ms] [ERROR] Failed to load resource: the server responded with a status of 429 (Too Many Requests) @ http://localhost:4001/v2/auth/refresh:0
[   20745ms] [VERBOSE] [DOM] Input elements should have autocomplete attributes (suggested: "current-password"): (More info: https://goo.gl/9p2vKq) %o @ http://localhost:4011/login:0
[   20794ms] [INFO] %cDownload the React DevTools for a better development experience: https://react.dev/link/react-devtools font-weight:bold @ http://localhost:4011/_next/static/chunks/node_modules_next_dist_1e8vcs8._.js:776
[   20811ms] [LOG] [HMR] connected @ http://localhost:4011/_next/static/chunks/node_modules_next_dist_1e8vcs8._.js:776
[   20881ms] [WARNING] Image with src "/admin-background.jpg" is using quality "100" which is not configured in images.qualities [70, 70, 70, 70, 70, 70, 70, 70, 70, 70, 70, 70, 70, 70, 70, 70, 70, 70, 70, 70, 70, 70, 70, 70, 70, 70, 70, 70, 70, 70, 70, 70, 70, 70, 75]. Please update your config to [100, 70, 70, 70, 70, 70, 70, 70, 70, 70, 70, 70, 70, 70, 70, 70, 70, 70, 70, 70, 70, 70, 70, 70, 70, 70, 70, 70, 70, 70, 70, 70, 70, 70, 70, 75].
Read more: https://nextjs.org/docs/messages/next-image-unconfigured-qualities @ http://localhost:4011/_next/static/chunks/node_modules_next_dist_1e8vcs8._.js:776
[   20881ms] [WARNING] Image with src "/admin-background.jpg" has legacy prop "layout". Did you forget to run the codemod?
Read more: https://nextjs.org/docs/messages/next-image-upgrade-to-13 @ http://localhost:4011/_next/static/chunks/node_modules_next_dist_1e8vcs8._.js:776
[   20882ms] [WARNING] Image with src "/admin-background.jpg" has legacy prop "objectFit". Did you forget to run the codemod?
Read more: https://nextjs.org/docs/messages/next-image-upgrade-to-13 @ http://localhost:4011/_next/static/chunks/node_modules_next_dist_1e8vcs8._.js:776
[   20931ms] [ERROR] Failed to load resource: the server responded with a status of 401 (Unauthorized) @ http://localhost:4001/v2/auth/me:0
[   20944ms] [ERROR] Failed to load resource: the server responded with a status of 401 (Unauthorized) @ http://localhost:4001/v2/auth/me:0
[   20945ms] [ERROR] Failed to load resource: the server responded with a status of 429 (Too Many Requests) @ http://localhost:4001/v2/auth/refresh:0
[   21109ms] [VERBOSE] [DOM] Input elements should have autocomplete attributes (suggested: "current-password"): (More info: https://goo.gl/9p2vKq) %o @ http://localhost:4011/login:0
[   21145ms] [INFO] %cDownload the React DevTools for a better development experience: https://react.dev/link/react-devtools font-weight:bold @ http://localhost:4011/_next/static/chunks/node_modules_next_dist_1e8vcs8._.js:776
[   21199ms] [LOG] [HMR] connected @ http://localhost:4011/_next/static/chunks/node_modules_next_dist_1e8vcs8._.js:776
[   21232ms] [WARNING] Image with src "/admin-background.jpg" is using quality "100" which is not configured in images.qualities [70, 70, 70, 70, 70, 70, 70, 70, 70, 70, 70, 70, 70, 70, 70, 70, 70, 70, 70, 70, 70, 70, 70, 70, 70, 70, 70, 70, 70, 70, 70, 70, 70, 70, 75]. Please update your config to [100, 70, 70, 70, 70, 70, 70, 70, 70, 70, 70, 70, 70, 70, 70, 70, 70, 70, 70, 70, 70, 70, 70, 70, 70, 70, 70, 70, 70, 70, 70, 70, 70, 70, 70, 75].
Read more: https://nextjs.org/docs/messages/next-image-unconfigured-qualities @ http://localhost:4011/_next/static/chunks/node_modules_next_dist_1e8vcs8._.js:776
[   21232ms] [WARNING] Image with src "/admin-background.jpg" has legacy prop "layout". Did you forget to run the codemod?
Read more: https://nextjs.org/docs/messages/next-image-upgrade-to-13 @ http://localhost:4011/_next/static/chunks/node_modules_next_dist_1e8vcs8._.js:776
[   21232ms] [WARNING] Image with src "/admin-background.jpg" has legacy prop "objectFit". Did you forget to run the codemod?
Read more: https://nextjs.org/docs/messages/next-image-upgrade-to-13 @ http://localhost:4011/_next/static/chunks/node_modules_next_dist_1e8vcs8._.js:776
[   21284ms] [ERROR] Failed to load resource: the server responded with a status of 401 (Unauthorized) @ http://localhost:4001/v2/auth/me:0
[   21287ms] [ERROR] Failed to load resource: the server responded with a status of 401 (Unauthorized) @ http://localhost:4001/v2/auth/me:0
[   21287ms] [ERROR] Failed to load resource: the server responded with a status of 429 (Too Many Requests) @ http://localhost:4001/v2/auth/refresh:0
[   21555ms] [VERBOSE] [DOM] Input elements should have autocomplete attributes (suggested: "current-password"): (More info: https://goo.gl/9p2vKq) %o @ http://localhost:4011/login:0
[   21576ms] [INFO] %cDownload the React DevTools for a better development experience: https://react.dev/link/react-devtools font-weight:bold @ http://localhost:4011/_next/static/chunks/node_modules_next_dist_1e8vcs8._.js:776
[   21596ms] [LOG] [HMR] connected @ http://localhost:4011/_next/static/chunks/node_modules_next_dist_1e8vcs8._.js:776
[   21677ms] [WARNING] Image with src "/admin-background.jpg" is using quality "100" which is not configured in images.qualities [70, 70, 70, 70, 70, 70, 70, 70, 70, 70, 70, 70, 70, 70, 70, 70, 70, 70, 70, 70, 70, 70, 70, 70, 70, 70, 70, 70, 70, 70, 70, 70, 70, 70, 75]. Please update your config to [100, 70, 70, 70, 70, 70, 70, 70, 70, 70, 70, 70, 70, 70, 70, 70, 70, 70, 70, 70, 70, 70, 70, 70, 70, 70, 70, 70, 70, 70, 70, 70, 70, 70, 70, 75].
Read more: https://nextjs.org/docs/messages/next-image-unconfigured-qualities @ http://localhost:4011/_next/static/chunks/node_modules_next_dist_1e8vcs8._.js:776
[   21677ms] [WARNING] Image with src "/admin-background.jpg" has legacy prop "layout". Did you forget to run the codemod?
Read more: https://nextjs.org/docs/messages/next-image-upgrade-to-13 @ http://localhost:4011/_next/static/chunks/node_modules_next_dist_1e8vcs8._.js:776
[   21677ms] [WARNING] Image with src "/admin-background.jpg" has legacy prop "objectFit". Did you forget to run the codemod?
Read more: https://nextjs.org/docs/messages/next-image-upgrade-to-13 @ http://localhost:4011/_next/static/chunks/node_modules_next_dist_1e8vcs8._.js:776
[   21726ms] [ERROR] Failed to load resource: the server responded with a status of 401 (Unauthorized) @ http://localhost:4001/v2/auth/me:0
[   21729ms] [ERROR] Failed to load resource: the server responded with a status of 401 (Unauthorized) @ http://localhost:4001/v2/auth/me:0
[   21730ms] [ERROR] Failed to load resource: the server responded with a status of 429 (Too Many Requests) @ http://localhost:4001/v2/auth/refresh:0
[   21873ms] [VERBOSE] [DOM] Input elements should have autocomplete attributes (suggested: "current-password"): (More info: https://goo.gl/9p2vKq) %o @ http://localhost:4011/login:0
[   21888ms] [INFO] %cDownload the React DevTools for a better development experience: https://react.dev/link/react-devtools font-weight:bold @ http://localhost:4011/_next/static/chunks/node_modules_next_dist_1e8vcs8._.js:776
[   21910ms] [LOG] [HMR] connected @ http://localhost:4011/_next/static/chunks/node_modules_next_dist_1e8vcs8._.js:776
[   21958ms] [WARNING] Image with src "/admin-background.jpg" is using quality "100" which is not configured in images.qualities [70, 70, 70, 70, 70, 70, 70, 70, 70, 70, 70, 70, 70, 70, 70, 70, 70, 70, 70, 70, 70, 70, 70, 70, 70, 70, 70, 70, 70, 70, 70, 70, 70, 70, 75]. Please update your config to [100, 70, 70, 70, 70, 70, 70, 70, 70, 70, 70, 70, 70, 70, 70, 70, 70, 70, 70, 70, 70, 70, 70, 70, 70, 70, 70, 70, 70, 70, 70, 70, 70, 70, 70, 75].
Read more: https://nextjs.org/docs/messages/next-image-unconfigured-qualities @ http://localhost:4011/_next/static/chunks/node_modules_next_dist_1e8vcs8._.js:776
[   21958ms] [WARNING] Image with src "/admin-background.jpg" has legacy prop "layout". Did you forget to run the codemod?
Read more: https://nextjs.org/docs/messages/next-image-upgrade-to-13 @ http://localhost:4011/_next/static/chunks/node_modules_next_dist_1e8vcs8._.js:776
[   21958ms] [WARNING] Image with src "/admin-background.jpg" has legacy prop "objectFit". Did you forget to run the codemod?
Read more: https://nextjs.org/docs/messages/next-image-upgrade-to-13 @ http://localhost:4011/_next/static/chunks/node_modules_next_dist_1e8vcs8._.js:776
[   22000ms] [ERROR] Failed to load resource: the server responded with a status of 401 (Unauthorized) @ http://localhost:4001/v2/auth/me:0
[   22003ms] [ERROR] Failed to load resource: the server responded with a status of 401 (Unauthorized) @ http://localhost:4001/v2/auth/me:0
[   22003ms] [ERROR] Failed to load resource: the server responded with a status of 429 (Too Many Requests) @ http://localhost:4001/v2/auth/refresh:0
[   22152ms] [VERBOSE] [DOM] Input elements should have autocomplete attributes (suggested: "current-password"): (More info: https://goo.gl/9p2vKq) %o @ http://localhost:4011/login:0
[   22167ms] [INFO] %cDownload the React DevTools for a better development experience: https://react.dev/link/react-devtools font-weight:bold @ http://localhost:4011/_next/static/chunks/node_modules_next_dist_1e8vcs8._.js:776
[   22195ms] [LOG] [HMR] connected @ http://localhost:4011/_next/static/chunks/node_modules_next_dist_1e8vcs8._.js:776
[   22237ms] [WARNING] Image with src "/admin-background.jpg" is using quality "100" which is not configured in images.qualities [70, 70, 70, 70, 70, 70, 70, 70, 70, 70, 70, 70, 70, 70, 70, 70, 70, 70, 70, 70, 70, 70, 70, 70, 70, 70, 70, 70, 70, 70, 70, 70, 70, 70, 75]. Please update your config to [100, 70, 70, 70, 70, 70, 70, 70, 70, 70, 70, 70, 70, 70, 70, 70, 70, 70, 70, 70, 70, 70, 70, 70, 70, 70, 70, 70, 70, 70, 70, 70, 70, 70, 70, 75].
Read more: https://nextjs.org/docs/messages/next-image-unconfigured-qualities @ http://localhost:4011/_next/static/chunks/node_modules_next_dist_1e8vcs8._.js:776
[   22237ms] [WARNING] Image with src "/admin-background.jpg" has legacy prop "layout". Did you forget to run the codemod?
Read more: https://nextjs.org/docs/messages/next-image-upgrade-to-13 @ http://localhost:4011/_next/static/chunks/node_modules_next_dist_1e8vcs8._.js:776
[   22237ms] [WARNING] Image with src "/admin-background.jpg" has legacy prop "objectFit". Did you forget to run the codemod?
Read more: https://nextjs.org/docs/messages/next-image-upgrade-to-13 @ http://localhost:4011/_next/static/chunks/node_modules_next_dist_1e8vcs8._.js:776
[   22274ms] [ERROR] Failed to load resource: the server responded with a status of 401 (Unauthorized) @ http://localhost:4001/v2/auth/me:0
[   22275ms] [ERROR] Failed to load resource: the server responded with a status of 401 (Unauthorized) @ http://localhost:4001/v2/auth/me:0
[   22277ms] [ERROR] Failed to load resource: the server responded with a status of 429 (Too Many Requests) @ http://localhost:4001/v2/auth/refresh:0
[   22374ms] [VERBOSE] [DOM] Input elements should have autocomplete attributes (suggested: "current-password"): (More info: https://goo.gl/9p2vKq) %o @ http://localhost:4011/login:0
[   22389ms] [INFO] %cDownload the React DevTools for a better development experience: https://react.dev/link/react-devtools font-weight:bold @ http://localhost:4011/_next/static/chunks/node_modules_next_dist_1e8vcs8._.js:776
[   22411ms] [LOG] [HMR] connected @ http://localhost:4011/_next/static/chunks/node_modules_next_dist_1e8vcs8._.js:776
[   22473ms] [WARNING] Image with src "/admin-background.jpg" is using quality "100" which is not configured in images.qualities [70, 70, 70, 70, 70, 70, 70, 70, 70, 70, 70, 70, 70, 70, 70, 70, 70, 70, 70, 70, 70, 70, 70, 70, 70, 70, 70, 70, 70, 70, 70, 70, 70, 70, 75]. Please update your config to [100, 70, 70, 70, 70, 70, 70, 70, 70, 70, 70, 70, 70, 70, 70, 70, 70, 70, 70, 70, 70, 70, 70, 70, 70, 70, 70, 70, 70, 70, 70, 70, 70, 70, 70, 75].
Read more: https://nextjs.org/docs/messages/next-image-unconfigured-qualities @ http://localhost:4011/_next/static/chunks/node_modules_next_dist_1e8vcs8._.js:776
[   22474ms] [WARNING] Image with src "/admin-background.jpg" has legacy prop "layout". Did you forget to run the codemod?
Read more: https://nextjs.org/docs/messages/next-image-upgrade-to-13 @ http://localhost:4011/_next/static/chunks/node_modules_next_dist_1e8vcs8._.js:776
[   22474ms] [WARNING] Image with src "/admin-background.jpg" has legacy prop "objectFit". Did you forget to run the codemod?
Read more: https://nextjs.org/docs/messages/next-image-upgrade-to-13 @ http://localhost:4011/_next/static/chunks/node_modules_next_dist_1e8vcs8._.js:776
[   22528ms] [ERROR] Failed to load resource: the server responded with a status of 401 (Unauthorized) @ http://localhost:4001/v2/auth/me:0
[   22531ms] [ERROR] Failed to load resource: the server responded with a status of 429 (Too Many Requests) @ http://localhost:4001/v2/auth/refresh:0
[   22532ms] [ERROR] Failed to load resource: the server responded with a status of 401 (Unauthorized) @ http://localhost:4001/v2/auth/me:0
[   22551ms] [ERROR] Failed to load resource: the server responded with a status of 429 (Too Many Requests) @ http://localhost:4001/v2/auth/refresh:0
[   22698ms] [VERBOSE] [DOM] Input elements should have autocomplete attributes (suggested: "current-password"): (More info: https://goo.gl/9p2vKq) %o @ http://localhost:4011/login:0
[   22716ms] [INFO] %cDownload the React DevTools for a better development experience: https://react.dev/link/react-devtools font-weight:bold @ http://localhost:4011/_next/static/chunks/node_modules_next_dist_1e8vcs8._.js:776
[   22736ms] [LOG] [HMR] connected @ http://localhost:4011/_next/static/chunks/node_modules_next_dist_1e8vcs8._.js:776
[   22793ms] [WARNING] Image with src "/admin-background.jpg" is using quality "100" which is not configured in images.qualities [70, 70, 70, 70, 70, 70, 70, 70, 70, 70, 70, 70, 70, 70, 70, 70, 70, 70, 70, 70, 70, 70, 70, 70, 70, 70, 70, 70, 70, 70, 70, 70, 70, 70, 75]. Please update your config to [100, 70, 70, 70, 70, 70, 70, 70, 70, 70, 70, 70, 70, 70, 70, 70, 70, 70, 70, 70, 70, 70, 70, 70, 70, 70, 70, 70, 70, 70, 70, 70, 70, 70, 70, 75].
Read more: https://nextjs.org/docs/messages/next-image-unconfigured-qualities @ http://localhost:4011/_next/static/chunks/node_modules_next_dist_1e8vcs8._.js:776
[   22793ms] [WARNING] Image with src "/admin-background.jpg" has legacy prop "layout". Did you forget to run the codemod?
Read more: https://nextjs.org/docs/messages/next-image-upgrade-to-13 @ http://localhost:4011/_next/static/chunks/node_modules_next_dist_1e8vcs8._.js:776
[   22793ms] [WARNING] Image with src "/admin-background.jpg" has legacy prop "objectFit". Did you forget to run the codemod?
Read more: https://nextjs.org/docs/messages/next-image-upgrade-to-13 @ http://localhost:4011/_next/static/chunks/node_modules_next_dist_1e8vcs8._.js:776
[   22842ms] [ERROR] Failed to load resource: the server responded with a status of 401 (Unauthorized) @ http://localhost:4001/v2/auth/me:0
[   22845ms] [ERROR] Failed to load resource: the server responded with a status of 401 (Unauthorized) @ http://localhost:4001/v2/auth/me:0
[   22845ms] [ERROR] Failed to load resource: the server responded with a status of 429 (Too Many Requests) @ http://localhost:4001/v2/auth/refresh:0
[   23060ms] [VERBOSE] [DOM] Input elements should have autocomplete attributes (suggested: "current-password"): (More info: https://goo.gl/9p2vKq) %o @ http://localhost:4011/login:0
[   23106ms] [INFO] %cDownload the React DevTools for a better development experience: https://react.dev/link/react-devtools font-weight:bold @ http://localhost:4011/_next/static/chunks/node_modules_next_dist_1e8vcs8._.js:776
[   23126ms] [LOG] [HMR] connected @ http://localhost:4011/_next/static/chunks/node_modules_next_dist_1e8vcs8._.js:776
[   23183ms] [WARNING] Image with src "/admin-background.jpg" is using quality "100" which is not configured in images.qualities [70, 70, 70, 70, 70, 70, 70, 70, 70, 70, 70, 70, 70, 70, 70, 70, 70, 70, 70, 70, 70, 70, 70, 70, 70, 70, 70, 70, 70, 70, 70, 70, 70, 70, 75]. Please update your config to [100, 70, 70, 70, 70, 70, 70, 70, 70, 70, 70, 70, 70, 70, 70, 70, 70, 70, 70, 70, 70, 70, 70, 70, 70, 70, 70, 70, 70, 70, 70, 70, 70, 70, 70, 75].
Read more: https://nextjs.org/docs/messages/next-image-unconfigured-qualities @ http://localhost:4011/_next/static/chunks/node_modules_next_dist_1e8vcs8._.js:776
[   23183ms] [WARNING] Image with src "/admin-background.jpg" has legacy prop "layout". Did you forget to run the codemod?
Read more: https://nextjs.org/docs/messages/next-image-upgrade-to-13 @ http://localhost:4011/_next/static/chunks/node_modules_next_dist_1e8vcs8._.js:776
[   23183ms] [WARNING] Image with src "/admin-background.jpg" has legacy prop "objectFit". Did you forget to run the codemod?
Read more: https://nextjs.org/docs/messages/next-image-upgrade-to-13 @ http://localhost:4011/_next/static/chunks/node_modules_next_dist_1e8vcs8._.js:776
[   23224ms] [ERROR] Failed to load resource: the server responded with a status of 401 (Unauthorized) @ http://localhost:4001/v2/auth/me:0
[   23224ms] [ERROR] Failed to load resource: the server responded with a status of 401 (Unauthorized) @ http://localhost:4001/v2/auth/me:0
[   23226ms] [ERROR] Failed to load resource: the server responded with a status of 429 (Too Many Requests) @ http://localhost:4001/v2/auth/refresh:0
[   23328ms] [VERBOSE] [DOM] Input elements should have autocomplete attributes (suggested: "current-password"): (More info: https://goo.gl/9p2vKq) %o @ http://localhost:4011/login:0
[   23344ms] [INFO] %cDownload the React DevTools for a better development experience: https://react.dev/link/react-devtools font-weight:bold @ http://localhost:4011/_next/static/chunks/node_modules_next_dist_1e8vcs8._.js:776
[   23366ms] [LOG] [HMR] connected @ http://localhost:4011/_next/static/chunks/node_modules_next_dist_1e8vcs8._.js:776
[   23409ms] [WARNING] Image with src "/admin-background.jpg" is using quality "100" which is not configured in images.qualities [70, 70, 70, 70, 70, 70, 70, 70, 70, 70, 70, 70, 70, 70, 70, 70, 70, 70, 70, 70, 70, 70, 70, 70, 70, 70, 70, 70, 70, 70, 70, 70, 70, 70, 75]. Please update your config to [100, 70, 70, 70, 70, 70, 70, 70, 70, 70, 70, 70, 70, 70, 70, 70, 70, 70, 70, 70, 70, 70, 70, 70, 70, 70, 70, 70, 70, 70, 70, 70, 70, 70, 70, 75].
Read more: https://nextjs.org/docs/messages/next-image-unconfigured-qualities @ http://localhost:4011/_next/static/chunks/node_modules_next_dist_1e8vcs8._.js:776
[   23409ms] [WARNING] Image with src "/admin-background.jpg" has legacy prop "layout". Did you forget to run the codemod?
Read more: https://nextjs.org/docs/messages/next-image-upgrade-to-13 @ http://localhost:4011/_next/static/chunks/node_modules_next_dist_1e8vcs8._.js:776
[   23409ms] [WARNING] Image with src "/admin-background.jpg" has legacy prop "objectFit". Did you forget to run the codemod?
Read more: https://nextjs.org/docs/messages/next-image-upgrade-to-13 @ http://localhost:4011/_next/static/chunks/node_modules_next_dist_1e8vcs8._.js:776
[   23452ms] [ERROR] Failed to load resource: the server responded with a status of 401 (Unauthorized) @ http://localhost:4001/v2/auth/me:0
[   23453ms] [ERROR] Failed to load resource: the server responded with a status of 401 (Unauthorized) @ http://localhost:4001/v2/auth/me:0
[   23456ms] [ERROR] Failed to load resource: the server responded with a status of 429 (Too Many Requests) @ http://localhost:4001/v2/auth/refresh:0
[   23712ms] [VERBOSE] [DOM] Input elements should have autocomplete attributes (suggested: "current-password"): (More info: https://goo.gl/9p2vKq) %o @ http://localhost:4011/login:0
[   23732ms] [INFO] %cDownload the React DevTools for a better development experience: https://react.dev/link/react-devtools font-weight:bold @ http://localhost:4011/_next/static/chunks/node_modules_next_dist_1e8vcs8._.js:776
[   23751ms] [LOG] [HMR] connected @ http://localhost:4011/_next/static/chunks/node_modules_next_dist_1e8vcs8._.js:776
[   23824ms] [WARNING] Image with src "/admin-background.jpg" is using quality "100" which is not configured in images.qualities [70, 70, 70, 70, 70, 70, 70, 70, 70, 70, 70, 70, 70, 70, 70, 70, 70, 70, 70, 70, 70, 70, 70, 70, 70, 70, 70, 70, 70, 70, 70, 70, 70, 70, 75]. Please update your config to [100, 70, 70, 70, 70, 70, 70, 70, 70, 70, 70, 70, 70, 70, 70, 70, 70, 70, 70, 70, 70, 70, 70, 70, 70, 70, 70, 70, 70, 70, 70, 70, 70, 70, 70, 75].
Read more: https://nextjs.org/docs/messages/next-image-unconfigured-qualities @ http://localhost:4011/_next/static/chunks/node_modules_next_dist_1e8vcs8._.js:776
[   23824ms] [WARNING] Image with src "/admin-background.jpg" has legacy prop "layout". Did you forget to run the codemod?
Read more: https://nextjs.org/docs/messages/next-image-upgrade-to-13 @ http://localhost:4011/_next/static/chunks/node_modules_next_dist_1e8vcs8._.js:776
[   23824ms] [WARNING] Image with src "/admin-background.jpg" has legacy prop "objectFit". Did you forget to run the codemod?
Read more: https://nextjs.org/docs/messages/next-image-upgrade-to-13 @ http://localhost:4011/_next/static/chunks/node_modules_next_dist_1e8vcs8._.js:776
[   23892ms] [ERROR] Failed to load resource: the server responded with a status of 401 (Unauthorized) @ http://localhost:4001/v2/auth/me:0
[   23895ms] [ERROR] Failed to load resource: the server responded with a status of 401 (Unauthorized) @ http://localhost:4001/v2/auth/me:0
[   23895ms] [ERROR] Failed to load resource: the server responded with a status of 429 (Too Many Requests) @ http://localhost:4001/v2/auth/refresh:0
[   24090ms] [VERBOSE] [DOM] Input elements should have autocomplete attributes (suggested: "current-password"): (More info: https://goo.gl/9p2vKq) %o @ http://localhost:4011/login:0
[   24110ms] [INFO] %cDownload the React DevTools for a better development experience: https://react.dev/link/react-devtools font-weight:bold @ http://localhost:4011/_next/static/chunks/node_modules_next_dist_1e8vcs8._.js:776
[   24147ms] [LOG] [HMR] connected @ http://localhost:4011/_next/static/chunks/node_modules_next_dist_1e8vcs8._.js:776
[   24184ms] [WARNING] Image with src "/admin-background.jpg" is using quality "100" which is not configured in images.qualities [70, 70, 70, 70, 70, 70, 70, 70, 70, 70, 70, 70, 70, 70, 70, 70, 70, 70, 70, 70, 70, 70, 70, 70, 70, 70, 70, 70, 70, 70, 70, 70, 70, 70, 75]. Please update your config to [100, 70, 70, 70, 70, 70, 70, 70, 70, 70, 70, 70, 70, 70, 70, 70, 70, 70, 70, 70, 70, 70, 70, 70, 70, 70, 70, 70, 70, 70, 70, 70, 70, 70, 70, 75].
Read more: https://nextjs.org/docs/messages/next-image-unconfigured-qualities @ http://localhost:4011/_next/static/chunks/node_modules_next_dist_1e8vcs8._.js:776
[   24184ms] [WARNING] Image with src "/admin-background.jpg" has legacy prop "layout". Did you forget to run the codemod?
Read more: https://nextjs.org/docs/messages/next-image-upgrade-to-13 @ http://localhost:4011/_next/static/chunks/node_modules_next_dist_1e8vcs8._.js:776
[   24184ms] [WARNING] Image with src "/admin-background.jpg" has legacy prop "objectFit". Did you forget to run the codemod?
Read more: https://nextjs.org/docs/messages/next-image-upgrade-to-13 @ http://localhost:4011/_next/static/chunks/node_modules_next_dist_1e8vcs8._.js:776
[   24235ms] [ERROR] Failed to load resource: the server responded with a status of 401 (Unauthorized) @ http://localhost:4001/v2/auth/me:0
[   24237ms] [ERROR] Failed to load resource: the server responded with a status of 401 (Unauthorized) @ http://localhost:4001/v2/auth/me:0
[   24237ms] [ERROR] Failed to load resource: the server responded with a status of 429 (Too Many Requests) @ http://localhost:4001/v2/auth/refresh:0
[   24352ms] [VERBOSE] [DOM] Input elements should have autocomplete attributes (suggested: "current-password"): (More info: https://goo.gl/9p2vKq) %o @ http://localhost:4011/login:0
[   24359ms] [INFO] %cDownload the React DevTools for a better development experience: https://react.dev/link/react-devtools font-weight:bold @ http://localhost:4011/_next/static/chunks/node_modules_next_dist_1e8vcs8._.js:776
[   24384ms] [LOG] [HMR] connected @ http://localhost:4011/_next/static/chunks/node_modules_next_dist_1e8vcs8._.js:776
[   24431ms] [WARNING] Image with src "/admin-background.jpg" is using quality "100" which is not configured in images.qualities [70, 70, 70, 70, 70, 70, 70, 70, 70, 70, 70, 70, 70, 70, 70, 70, 70, 70, 70, 70, 70, 70, 70, 70, 70, 70, 70, 70, 70, 70, 70, 70, 70, 70, 75]. Please update your config to [100, 70, 70, 70, 70, 70, 70, 70, 70, 70, 70, 70, 70, 70, 70, 70, 70, 70, 70, 70, 70, 70, 70, 70, 70, 70, 70, 70, 70, 70, 70, 70, 70, 70, 70, 75].
Read more: https://nextjs.org/docs/messages/next-image-unconfigured-qualities @ http://localhost:4011/_next/static/chunks/node_modules_next_dist_1e8vcs8._.js:776
[   24431ms] [WARNING] Image with src "/admin-background.jpg" has legacy prop "layout". Did you forget to run the codemod?
Read more: https://nextjs.org/docs/messages/next-image-upgrade-to-13 @ http://localhost:4011/_next/static/chunks/node_modules_next_dist_1e8vcs8._.js:776
[   24431ms] [WARNING] Image with src "/admin-background.jpg" has legacy prop "objectFit". Did you forget to run the codemod?
Read more: https://nextjs.org/docs/messages/next-image-upgrade-to-13 @ http://localhost:4011/_next/static/chunks/node_modules_next_dist_1e8vcs8._.js:776
[   24482ms] [ERROR] Failed to load resource: the server responded with a status of 401 (Unauthorized) @ http://localhost:4001/v2/auth/me:0
[   24483ms] [ERROR] Failed to load resource: the server responded with a status of 401 (Unauthorized) @ http://localhost:4001/v2/auth/me:0
[   24485ms] [ERROR] Failed to load resource: the server responded with a status of 429 (Too Many Requests) @ http://localhost:4001/v2/auth/refresh:0
[   24726ms] [VERBOSE] [DOM] Input elements should have autocomplete attributes (suggested: "current-password"): (More info: https://goo.gl/9p2vKq) %o @ http://localhost:4011/login:0
[   24761ms] [INFO] %cDownload the React DevTools for a better development experience: https://react.dev/link/react-devtools font-weight:bold @ http://localhost:4011/_next/static/chunks/node_modules_next_dist_1e8vcs8._.js:776
[   24780ms] [LOG] [HMR] connected @ http://localhost:4011/_next/static/chunks/node_modules_next_dist_1e8vcs8._.js:776
[   24839ms] [WARNING] Image with src "/admin-background.jpg" is using quality "100" which is not configured in images.qualities [70, 70, 70, 70, 70, 70, 70, 70, 70, 70, 70, 70, 70, 70, 70, 70, 70, 70, 70, 70, 70, 70, 70, 70, 70, 70, 70, 70, 70, 70, 70, 70, 70, 70, 75]. Please update your config to [100, 70, 70, 70, 70, 70, 70, 70, 70, 70, 70, 70, 70, 70, 70, 70, 70, 70, 70, 70, 70, 70, 70, 70, 70, 70, 70, 70, 70, 70, 70, 70, 70, 70, 70, 75].
Read more: https://nextjs.org/docs/messages/next-image-unconfigured-qualities @ http://localhost:4011/_next/static/chunks/node_modules_next_dist_1e8vcs8._.js:776
[   24839ms] [WARNING] Image with src "/admin-background.jpg" has legacy prop "layout". Did you forget to run the codemod?
Read more: https://nextjs.org/docs/messages/next-image-upgrade-to-13 @ http://localhost:4011/_next/static/chunks/node_modules_next_dist_1e8vcs8._.js:776
[   24839ms] [WARNING] Image with src "/admin-background.jpg" has legacy prop "objectFit". Did you forget to run the codemod?
Read more: https://nextjs.org/docs/messages/next-image-upgrade-to-13 @ http://localhost:4011/_next/static/chunks/node_modules_next_dist_1e8vcs8._.js:776
[   24887ms] [ERROR] Failed to load resource: the server responded with a status of 401 (Unauthorized) @ http://localhost:4001/v2/auth/me:0
[   24888ms] [ERROR] Failed to load resource: the server responded with a status of 401 (Unauthorized) @ http://localhost:4001/v2/auth/me:0
[   24890ms] [ERROR] Failed to load resource: the server responded with a status of 429 (Too Many Requests) @ http://localhost:4001/v2/auth/refresh:0
[   25020ms] [VERBOSE] [DOM] Input elements should have autocomplete attributes (suggested: "current-password"): (More info: https://goo.gl/9p2vKq) %o @ http://localhost:4011/login:0
[   25030ms] [INFO] %cDownload the React DevTools for a better development experience: https://react.dev/link/react-devtools font-weight:bold @ http://localhost:4011/_next/static/chunks/node_modules_next_dist_1e8vcs8._.js:776
[   25056ms] [LOG] [HMR] connected @ http://localhost:4011/_next/static/chunks/node_modules_next_dist_1e8vcs8._.js:776
[   25117ms] [WARNING] Image with src "/admin-background.jpg" is using quality "100" which is not configured in images.qualities [70, 70, 70, 70, 70, 70, 70, 70, 70, 70, 70, 70, 70, 70, 70, 70, 70, 70, 70, 70, 70, 70, 70, 70, 70, 70, 70, 70, 70, 70, 70, 70, 70, 70, 75]. Please update your config to [100, 70, 70, 70, 70, 70, 70, 70, 70, 70, 70, 70, 70, 70, 70, 70, 70, 70, 70, 70, 70, 70, 70, 70, 70, 70, 70, 70, 70, 70, 70, 70, 70, 70, 70, 75].
Read more: https://nextjs.org/docs/messages/next-image-unconfigured-qualities @ http://localhost:4011/_next/static/chunks/node_modules_next_dist_1e8vcs8._.js:776
[   25117ms] [WARNING] Image with src "/admin-background.jpg" has legacy prop "layout". Did you forget to run the codemod?
Read more: https://nextjs.org/docs/messages/next-image-upgrade-to-13 @ http://localhost:4011/_next/static/chunks/node_modules_next_dist_1e8vcs8._.js:776
[   25117ms] [WARNING] Image with src "/admin-background.jpg" has legacy prop "objectFit". Did you forget to run the codemod?
Read more: https://nextjs.org/docs/messages/next-image-upgrade-to-13 @ http://localhost:4011/_next/static/chunks/node_modules_next_dist_1e8vcs8._.js:776
[   25188ms] [ERROR] Failed to load resource: the server responded with a status of 401 (Unauthorized) @ http://localhost:4001/v2/auth/me:0
[   25188ms] [ERROR] Failed to load resource: the server responded with a status of 401 (Unauthorized) @ http://localhost:4001/v2/auth/me:0
[   25191ms] [ERROR] Failed to load resource: the server responded with a status of 429 (Too Many Requests) @ http://localhost:4001/v2/auth/refresh:0
[   25301ms] [VERBOSE] [DOM] Input elements should have autocomplete attributes (suggested: "current-password"): (More info: https://goo.gl/9p2vKq) %o @ http://localhost:4011/login:0
[   25321ms] [INFO] %cDownload the React DevTools for a better development experience: https://react.dev/link/react-devtools font-weight:bold @ http://localhost:4011/_next/static/chunks/node_modules_next_dist_1e8vcs8._.js:776
[   25341ms] [LOG] [HMR] connected @ http://localhost:4011/_next/static/chunks/node_modules_next_dist_1e8vcs8._.js:776
[   25389ms] [WARNING] Image with src "/admin-background.jpg" is using quality "100" which is not configured in images.qualities [70, 70, 70, 70, 70, 70, 70, 70, 70, 70, 70, 70, 70, 70, 70, 70, 70, 70, 70, 70, 70, 70, 70, 70, 70, 70, 70, 70, 70, 70, 70, 70, 70, 70, 75]. Please update your config to [100, 70, 70, 70, 70, 70, 70, 70, 70, 70, 70, 70, 70, 70, 70, 70, 70, 70, 70, 70, 70, 70, 70, 70, 70, 70, 70, 70, 70, 70, 70, 70, 70, 70, 70, 75].
Read more: https://nextjs.org/docs/messages/next-image-unconfigured-qualities @ http://localhost:4011/_next/static/chunks/node_modules_next_dist_1e8vcs8._.js:776
[   25389ms] [WARNING] Image with src "/admin-background.jpg" has legacy prop "layout". Did you forget to run the codemod?
Read more: https://nextjs.org/docs/messages/next-image-upgrade-to-13 @ http://localhost:4011/_next/static/chunks/node_modules_next_dist_1e8vcs8._.js:776
[   25389ms] [WARNING] Image with src "/admin-background.jpg" has legacy prop "objectFit". Did you forget to run the codemod?
Read more: https://nextjs.org/docs/messages/next-image-upgrade-to-13 @ http://localhost:4011/_next/static/chunks/node_modules_next_dist_1e8vcs8._.js:776
[   25433ms] [ERROR] Failed to load resource: the server responded with a status of 401 (Unauthorized) @ http://localhost:4001/v2/auth/me:0
[   25436ms] [ERROR] Failed to load resource: the server responded with a status of 401 (Unauthorized) @ http://localhost:4001/v2/auth/me:0
[   25436ms] [ERROR] Failed to load resource: the server responded with a status of 429 (Too Many Requests) @ http://localhost:4001/v2/auth/refresh:0
[   25592ms] [VERBOSE] [DOM] Input elements should have autocomplete attributes (suggested: "current-password"): (More info: https://goo.gl/9p2vKq) %o @ http://localhost:4011/login:0
[   25601ms] [INFO] %cDownload the React DevTools for a better development experience: https://react.dev/link/react-devtools font-weight:bold @ http://localhost:4011/_next/static/chunks/node_modules_next_dist_1e8vcs8._.js:776
[   25624ms] [LOG] [HMR] connected @ http://localhost:4011/_next/static/chunks/node_modules_next_dist_1e8vcs8._.js:776
[   25666ms] [WARNING] Image with src "/admin-background.jpg" is using quality "100" which is not configured in images.qualities [70, 70, 70, 70, 70, 70, 70, 70, 70, 70, 70, 70, 70, 70, 70, 70, 70, 70, 70, 70, 70, 70, 70, 70, 70, 70, 70, 70, 70, 70, 70, 70, 70, 70, 75]. Please update your config to [100, 70, 70, 70, 70, 70, 70, 70, 70, 70, 70, 70, 70, 70, 70, 70, 70, 70, 70, 70, 70, 70, 70, 70, 70, 70, 70, 70, 70, 70, 70, 70, 70, 70, 70, 75].
Read more: https://nextjs.org/docs/messages/next-image-unconfigured-qualities @ http://localhost:4011/_next/static/chunks/node_modules_next_dist_1e8vcs8._.js:776
[   25667ms] [WARNING] Image with src "/admin-background.jpg" has legacy prop "layout". Did you forget to run the codemod?
Read more: https://nextjs.org/docs/messages/next-image-upgrade-to-13 @ http://localhost:4011/_next/static/chunks/node_modules_next_dist_1e8vcs8._.js:776
[   25667ms] [WARNING] Image with src "/admin-background.jpg" has legacy prop "objectFit". Did you forget to run the codemod?
Read more: https://nextjs.org/docs/messages/next-image-upgrade-to-13 @ http://localhost:4011/_next/static/chunks/node_modules_next_dist_1e8vcs8._.js:776
[   25731ms] [ERROR] Failed to load resource: the server responded with a status of 401 (Unauthorized) @ http://localhost:4001/v2/auth/me:0
[   25733ms] [ERROR] Failed to load resource: the server responded with a status of 401 (Unauthorized) @ http://localhost:4001/v2/auth/me:0
[   25733ms] [ERROR] Failed to load resource: the server responded with a status of 429 (Too Many Requests) @ http://localhost:4001/v2/auth/refresh:0
[   25897ms] [VERBOSE] [DOM] Input elements should have autocomplete attributes (suggested: "current-password"): (More info: https://goo.gl/9p2vKq) %o @ http://localhost:4011/login:0
[   25910ms] [INFO] %cDownload the React DevTools for a better development experience: https://react.dev/link/react-devtools font-weight:bold @ http://localhost:4011/_next/static/chunks/node_modules_next_dist_1e8vcs8._.js:776
[   25931ms] [LOG] [HMR] connected @ http://localhost:4011/_next/static/chunks/node_modules_next_dist_1e8vcs8._.js:776
[   25988ms] [WARNING] Image with src "/admin-background.jpg" is using quality "100" which is not configured in images.qualities [70, 70, 70, 70, 70, 70, 70, 70, 70, 70, 70, 70, 70, 70, 70, 70, 70, 70, 70, 70, 70, 70, 70, 70, 70, 70, 70, 70, 70, 70, 70, 70, 70, 70, 75]. Please update your config to [100, 70, 70, 70, 70, 70, 70, 70, 70, 70, 70, 70, 70, 70, 70, 70, 70, 70, 70, 70, 70, 70, 70, 70, 70, 70, 70, 70, 70, 70, 70, 70, 70, 70, 70, 75].
Read more: https://nextjs.org/docs/messages/next-image-unconfigured-qualities @ http://localhost:4011/_next/static/chunks/node_modules_next_dist_1e8vcs8._.js:776
[   25988ms] [WARNING] Image with src "/admin-background.jpg" has legacy prop "layout". Did you forget to run the codemod?
Read more: https://nextjs.org/docs/messages/next-image-upgrade-to-13 @ http://localhost:4011/_next/static/chunks/node_modules_next_dist_1e8vcs8._.js:776
[   25988ms] [WARNING] Image with src "/admin-background.jpg" has legacy prop "objectFit". Did you forget to run the codemod?
Read more: https://nextjs.org/docs/messages/next-image-upgrade-to-13 @ http://localhost:4011/_next/static/chunks/node_modules_next_dist_1e8vcs8._.js:776
[   26037ms] [ERROR] Failed to load resource: the server responded with a status of 401 (Unauthorized) @ http://localhost:4001/v2/auth/me:0
[   26039ms] [ERROR] Failed to load resource: the server responded with a status of 401 (Unauthorized) @ http://localhost:4001/v2/auth/me:0
[   26040ms] [ERROR] Failed to load resource: the server responded with a status of 429 (Too Many Requests) @ http://localhost:4001/v2/auth/refresh:0
[   26231ms] [VERBOSE] [DOM] Input elements should have autocomplete attributes (suggested: "current-password"): (More info: https://goo.gl/9p2vKq) %o @ http://localhost:4011/login:0
[   26239ms] [INFO] %cDownload the React DevTools for a better development experience: https://react.dev/link/react-devtools font-weight:bold @ http://localhost:4011/_next/static/chunks/node_modules_next_dist_1e8vcs8._.js:776
[   26260ms] [LOG] [HMR] connected @ http://localhost:4011/_next/static/chunks/node_modules_next_dist_1e8vcs8._.js:776
[   26325ms] [WARNING] Image with src "/admin-background.jpg" is using quality "100" which is not configured in images.qualities [70, 70, 70, 70, 70, 70, 70, 70, 70, 70, 70, 70, 70, 70, 70, 70, 70, 70, 70, 70, 70, 70, 70, 70, 70, 70, 70, 70, 70, 70, 70, 70, 70, 70, 75]. Please update your config to [100, 70, 70, 70, 70, 70, 70, 70, 70, 70, 70, 70, 70, 70, 70, 70, 70, 70, 70, 70, 70, 70, 70, 70, 70, 70, 70, 70, 70, 70, 70, 70, 70, 70, 70, 75].
Read more: https://nextjs.org/docs/messages/next-image-unconfigured-qualities @ http://localhost:4011/_next/static/chunks/node_modules_next_dist_1e8vcs8._.js:776
[   26325ms] [WARNING] Image with src "/admin-background.jpg" has legacy prop "layout". Did you forget to run the codemod?
Read more: https://nextjs.org/docs/messages/next-image-upgrade-to-13 @ http://localhost:4011/_next/static/chunks/node_modules_next_dist_1e8vcs8._.js:776
[   26325ms] [WARNING] Image with src "/admin-background.jpg" has legacy prop "objectFit". Did you forget to run the codemod?
Read more: https://nextjs.org/docs/messages/next-image-upgrade-to-13 @ http://localhost:4011/_next/static/chunks/node_modules_next_dist_1e8vcs8._.js:776
[   26370ms] [ERROR] Failed to load resource: the server responded with a status of 401 (Unauthorized) @ http://localhost:4001/v2/auth/me:0
[   26373ms] [ERROR] Failed to load resource: the server responded with a status of 401 (Unauthorized) @ http://localhost:4001/v2/auth/me:0
[   26373ms] [ERROR] Failed to load resource: the server responded with a status of 429 (Too Many Requests) @ http://localhost:4001/v2/auth/refresh:0
[   26532ms] [VERBOSE] [DOM] Input elements should have autocomplete attributes (suggested: "current-password"): (More info: https://goo.gl/9p2vKq) %o @ http://localhost:4011/login:0
[   26546ms] [INFO] %cDownload the React DevTools for a better development experience: https://react.dev/link/react-devtools font-weight:bold @ http://localhost:4011/_next/static/chunks/node_modules_next_dist_1e8vcs8._.js:776
[   26568ms] [LOG] [HMR] connected @ http://localhost:4011/_next/static/chunks/node_modules_next_dist_1e8vcs8._.js:776
[   26615ms] [WARNING] Image with src "/admin-background.jpg" is using quality "100" which is not configured in images.qualities [70, 70, 70, 70, 70, 70, 70, 70, 70, 70, 70, 70, 70, 70, 70, 70, 70, 70, 70, 70, 70, 70, 70, 70, 70, 70, 70, 70, 70, 70, 70, 70, 70, 70, 75]. Please update your config to [100, 70, 70, 70, 70, 70, 70, 70, 70, 70, 70, 70, 70, 70, 70, 70, 70, 70, 70, 70, 70, 70, 70, 70, 70, 70, 70, 70, 70, 70, 70, 70, 70, 70, 70, 75].
Read more: https://nextjs.org/docs/messages/next-image-unconfigured-qualities @ http://localhost:4011/_next/static/chunks/node_modules_next_dist_1e8vcs8._.js:776
[   26616ms] [WARNING] Image with src "/admin-background.jpg" has legacy prop "layout". Did you forget to run the codemod?
Read more: https://nextjs.org/docs/messages/next-image-upgrade-to-13 @ http://localhost:4011/_next/static/chunks/node_modules_next_dist_1e8vcs8._.js:776
[   26616ms] [WARNING] Image with src "/admin-background.jpg" has legacy prop "objectFit". Did you forget to run the codemod?
Read more: https://nextjs.org/docs/messages/next-image-upgrade-to-13 @ http://localhost:4011/_next/static/chunks/node_modules_next_dist_1e8vcs8._.js:776
[   26664ms] [ERROR] Failed to load resource: the server responded with a status of 401 (Unauthorized) @ http://localhost:4001/v2/auth/me:0
[   26664ms] [ERROR] Failed to load resource: the server responded with a status of 401 (Unauthorized) @ http://localhost:4001/v2/auth/me:0
[   26666ms] [ERROR] Failed to load resource: the server responded with a status of 429 (Too Many Requests) @ http://localhost:4001/v2/auth/refresh:0
[   26781ms] [VERBOSE] [DOM] Input elements should have autocomplete attributes (suggested: "current-password"): (More info: https://goo.gl/9p2vKq) %o @ http://localhost:4011/login:0
[   26807ms] [INFO] %cDownload the React DevTools for a better development experience: https://react.dev/link/react-devtools font-weight:bold @ http://localhost:4011/_next/static/chunks/node_modules_next_dist_1e8vcs8._.js:776
[   26833ms] [LOG] [HMR] connected @ http://localhost:4011/_next/static/chunks/node_modules_next_dist_1e8vcs8._.js:776
[   26880ms] [WARNING] Image with src "/admin-background.jpg" is using quality "100" which is not configured in images.qualities [70, 70, 70, 70, 70, 70, 70, 70, 70, 70, 70, 70, 70, 70, 70, 70, 70, 70, 70, 70, 70, 70, 70, 70, 70, 70, 70, 70, 70, 70, 70, 70, 70, 70, 75]. Please update your config to [100, 70, 70, 70, 70, 70, 70, 70, 70, 70, 70, 70, 70, 70, 70, 70, 70, 70, 70, 70, 70, 70, 70, 70, 70, 70, 70, 70, 70, 70, 70, 70, 70, 70, 70, 75].
Read more: https://nextjs.org/docs/messages/next-image-unconfigured-qualities @ http://localhost:4011/_next/static/chunks/node_modules_next_dist_1e8vcs8._.js:776
[   26880ms] [WARNING] Image with src "/admin-background.jpg" has legacy prop "layout". Did you forget to run the codemod?
Read more: https://nextjs.org/docs/messages/next-image-upgrade-to-13 @ http://localhost:4011/_next/static/chunks/node_modules_next_dist_1e8vcs8._.js:776
[   26881ms] [WARNING] Image with src "/admin-background.jpg" has legacy prop "objectFit". Did you forget to run the codemod?
Read more: https://nextjs.org/docs/messages/next-image-upgrade-to-13 @ http://localhost:4011/_next/static/chunks/node_modules_next_dist_1e8vcs8._.js:776
[   26928ms] [ERROR] Failed to load resource: the server responded with a status of 401 (Unauthorized) @ http://localhost:4001/v2/auth/me:0
[   26931ms] [ERROR] Failed to load resource: the server responded with a status of 401 (Unauthorized) @ http://localhost:4001/v2/auth/me:0
[   26931ms] [ERROR] Failed to load resource: the server responded with a status of 429 (Too Many Requests) @ http://localhost:4001/v2/auth/refresh:0
[   27060ms] [VERBOSE] [DOM] Input elements should have autocomplete attributes (suggested: "current-password"): (More info: https://goo.gl/9p2vKq) %o @ http://localhost:4011/login:0
[   27070ms] [INFO] %cDownload the React DevTools for a better development experience: https://react.dev/link/react-devtools font-weight:bold @ http://localhost:4011/_next/static/chunks/node_modules_next_dist_1e8vcs8._.js:776
[   27092ms] [LOG] [HMR] connected @ http://localhost:4011/_next/static/chunks/node_modules_next_dist_1e8vcs8._.js:776
[   27136ms] [WARNING] Image with src "/admin-background.jpg" is using quality "100" which is not configured in images.qualities [70, 70, 70, 70, 70, 70, 70, 70, 70, 70, 70, 70, 70, 70, 70, 70, 70, 70, 70, 70, 70, 70, 70, 70, 70, 70, 70, 70, 70, 70, 70, 70, 70, 70, 75]. Please update your config to [100, 70, 70, 70, 70, 70, 70, 70, 70, 70, 70, 70, 70, 70, 70, 70, 70, 70, 70, 70, 70, 70, 70, 70, 70, 70, 70, 70, 70, 70, 70, 70, 70, 70, 70, 75].
Read more: https://nextjs.org/docs/messages/next-image-unconfigured-qualities @ http://localhost:4011/_next/static/chunks/node_modules_next_dist_1e8vcs8._.js:776
[   27136ms] [WARNING] Image with src "/admin-background.jpg" has legacy prop "layout". Did you forget to run the codemod?
Read more: https://nextjs.org/docs/messages/next-image-upgrade-to-13 @ http://localhost:4011/_next/static/chunks/node_modules_next_dist_1e8vcs8._.js:776
[   27136ms] [WARNING] Image with src "/admin-background.jpg" has legacy prop "objectFit". Did you forget to run the codemod?
Read more: https://nextjs.org/docs/messages/next-image-upgrade-to-13 @ http://localhost:4011/_next/static/chunks/node_modules_next_dist_1e8vcs8._.js:776
[   27185ms] [ERROR] Failed to load resource: the server responded with a status of 401 (Unauthorized) @ http://localhost:4001/v2/auth/me:0
[   27187ms] [ERROR] Failed to load resource: the server responded with a status of 401 (Unauthorized) @ http://localhost:4001/v2/auth/me:0
[   27187ms] [ERROR] Failed to load resource: the server responded with a status of 429 (Too Many Requests) @ http://localhost:4001/v2/auth/refresh:0
[   27373ms] [VERBOSE] [DOM] Input elements should have autocomplete attributes (suggested: "current-password"): (More info: https://goo.gl/9p2vKq) %o @ http://localhost:4011/login:0
[   27389ms] [INFO] %cDownload the React DevTools for a better development experience: https://react.dev/link/react-devtools font-weight:bold @ http://localhost:4011/_next/static/chunks/node_modules_next_dist_1e8vcs8._.js:776
[   27417ms] [LOG] [HMR] connected @ http://localhost:4011/_next/static/chunks/node_modules_next_dist_1e8vcs8._.js:776
[   27474ms] [WARNING] Image with src "/admin-background.jpg" is using quality "100" which is not configured in images.qualities [70, 70, 70, 70, 70, 70, 70, 70, 70, 70, 70, 70, 70, 70, 70, 70, 70, 70, 70, 70, 70, 70, 70, 70, 70, 70, 70, 70, 70, 70, 70, 70, 70, 70, 75]. Please update your config to [100, 70, 70, 70, 70, 70, 70, 70, 70, 70, 70, 70, 70, 70, 70, 70, 70, 70, 70, 70, 70, 70, 70, 70, 70, 70, 70, 70, 70, 70, 70, 70, 70, 70, 70, 75].
Read more: https://nextjs.org/docs/messages/next-image-unconfigured-qualities @ http://localhost:4011/_next/static/chunks/node_modules_next_dist_1e8vcs8._.js:776
[   27474ms] [WARNING] Image with src "/admin-background.jpg" has legacy prop "layout". Did you forget to run the codemod?
Read more: https://nextjs.org/docs/messages/next-image-upgrade-to-13 @ http://localhost:4011/_next/static/chunks/node_modules_next_dist_1e8vcs8._.js:776
[   27474ms] [WARNING] Image with src "/admin-background.jpg" has legacy prop "objectFit". Did you forget to run the codemod?
Read more: https://nextjs.org/docs/messages/next-image-upgrade-to-13 @ http://localhost:4011/_next/static/chunks/node_modules_next_dist_1e8vcs8._.js:776
[   27534ms] [ERROR] Failed to load resource: the server responded with a status of 401 (Unauthorized) @ http://localhost:4001/v2/auth/me:0
[   27535ms] [ERROR] Failed to load resource: the server responded with a status of 401 (Unauthorized) @ http://localhost:4001/v2/auth/me:0
[   27536ms] [ERROR] Failed to load resource: the server responded with a status of 429 (Too Many Requests) @ http://localhost:4001/v2/auth/refresh:0
[   27714ms] [VERBOSE] [DOM] Input elements should have autocomplete attributes (suggested: "current-password"): (More info: https://goo.gl/9p2vKq) %o @ http://localhost:4011/login:0
[   27726ms] [INFO] %cDownload the React DevTools for a better development experience: https://react.dev/link/react-devtools font-weight:bold @ http://localhost:4011/_next/static/chunks/node_modules_next_dist_1e8vcs8._.js:776
[   27750ms] [LOG] [HMR] connected @ http://localhost:4011/_next/static/chunks/node_modules_next_dist_1e8vcs8._.js:776
[   27800ms] [WARNING] Image with src "/admin-background.jpg" is using quality "100" which is not configured in images.qualities [70, 70, 70, 70, 70, 70, 70, 70, 70, 70, 70, 70, 70, 70, 70, 70, 70, 70, 70, 70, 70, 70, 70, 70, 70, 70, 70, 70, 70, 70, 70, 70, 70, 70, 75]. Please update your config to [100, 70, 70, 70, 70, 70, 70, 70, 70, 70, 70, 70, 70, 70, 70, 70, 70, 70, 70, 70, 70, 70, 70, 70, 70, 70, 70, 70, 70, 70, 70, 70, 70, 70, 70, 75].
Read more: https://nextjs.org/docs/messages/next-image-unconfigured-qualities @ http://localhost:4011/_next/static/chunks/node_modules_next_dist_1e8vcs8._.js:776
[   27800ms] [WARNING] Image with src "/admin-background.jpg" has legacy prop "layout". Did you forget to run the codemod?
Read more: https://nextjs.org/docs/messages/next-image-upgrade-to-13 @ http://localhost:4011/_next/static/chunks/node_modules_next_dist_1e8vcs8._.js:776
[   27800ms] [WARNING] Image with src "/admin-background.jpg" has legacy prop "objectFit". Did you forget to run the codemod?
Read more: https://nextjs.org/docs/messages/next-image-upgrade-to-13 @ http://localhost:4011/_next/static/chunks/node_modules_next_dist_1e8vcs8._.js:776
[   27842ms] [ERROR] Failed to load resource: the server responded with a status of 401 (Unauthorized) @ http://localhost:4001/v2/auth/me:0
[   27843ms] [ERROR] Failed to load resource: the server responded with a status of 401 (Unauthorized) @ http://localhost:4001/v2/auth/me:0
[   27845ms] [ERROR] Failed to load resource: the server responded with a status of 429 (Too Many Requests) @ http://localhost:4001/v2/auth/refresh:0
[   28053ms] [VERBOSE] [DOM] Input elements should have autocomplete attributes (suggested: "current-password"): (More info: https://goo.gl/9p2vKq) %o @ http://localhost:4011/login:0
[   28061ms] [INFO] %cDownload the React DevTools for a better development experience: https://react.dev/link/react-devtools font-weight:bold @ http://localhost:4011/_next/static/chunks/node_modules_next_dist_1e8vcs8._.js:776
[   28081ms] [LOG] [HMR] connected @ http://localhost:4011/_next/static/chunks/node_modules_next_dist_1e8vcs8._.js:776
[   28154ms] [WARNING] Image with src "/admin-background.jpg" is using quality "100" which is not configured in images.qualities [70, 70, 70, 70, 70, 70, 70, 70, 70, 70, 70, 70, 70, 70, 70, 70, 70, 70, 70, 70, 70, 70, 70, 70, 70, 70, 70, 70, 70, 70, 70, 70, 70, 70, 75]. Please update your config to [100, 70, 70, 70, 70, 70, 70, 70, 70, 70, 70, 70, 70, 70, 70, 70, 70, 70, 70, 70, 70, 70, 70, 70, 70, 70, 70, 70, 70, 70, 70, 70, 70, 70, 70, 75].
Read more: https://nextjs.org/docs/messages/next-image-unconfigured-qualities @ http://localhost:4011/_next/static/chunks/node_modules_next_dist_1e8vcs8._.js:776
[   28154ms] [WARNING] Image with src "/admin-background.jpg" has legacy prop "layout". Did you forget to run the codemod?
Read more: https://nextjs.org/docs/messages/next-image-upgrade-to-13 @ http://localhost:4011/_next/static/chunks/node_modules_next_dist_1e8vcs8._.js:776
[   28154ms] [WARNING] Image with src "/admin-background.jpg" has legacy prop "objectFit". Did you forget to run the codemod?
Read more: https://nextjs.org/docs/messages/next-image-upgrade-to-13 @ http://localhost:4011/_next/static/chunks/node_modules_next_dist_1e8vcs8._.js:776
[   28208ms] [ERROR] Failed to load resource: the server responded with a status of 401 (Unauthorized) @ http://localhost:4001/v2/auth/me:0
[   28211ms] [ERROR] Failed to load resource: the server responded with a status of 401 (Unauthorized) @ http://localhost:4001/v2/auth/me:0
[   28211ms] [ERROR] Failed to load resource: the server responded with a status of 429 (Too Many Requests) @ http://localhost:4001/v2/auth/refresh:0
[   28396ms] [VERBOSE] [DOM] Input elements should have autocomplete attributes (suggested: "current-password"): (More info: https://goo.gl/9p2vKq) %o @ http://localhost:4011/login:0
[   28411ms] [INFO] %cDownload the React DevTools for a better development experience: https://react.dev/link/react-devtools font-weight:bold @ http://localhost:4011/_next/static/chunks/node_modules_next_dist_1e8vcs8._.js:776
[   28439ms] [LOG] [HMR] connected @ http://localhost:4011/_next/static/chunks/node_modules_next_dist_1e8vcs8._.js:776
[   28484ms] [WARNING] Image with src "/admin-background.jpg" is using quality "100" which is not configured in images.qualities [70, 70, 70, 70, 70, 70, 70, 70, 70, 70, 70, 70, 70, 70, 70, 70, 70, 70, 70, 70, 70, 70, 70, 70, 70, 70, 70, 70, 70, 70, 70, 70, 70, 70, 75]. Please update your config to [100, 70, 70, 70, 70, 70, 70, 70, 70, 70, 70, 70, 70, 70, 70, 70, 70, 70, 70, 70, 70, 70, 70, 70, 70, 70, 70, 70, 70, 70, 70, 70, 70, 70, 70, 75].
Read more: https://nextjs.org/docs/messages/next-image-unconfigured-qualities @ http://localhost:4011/_next/static/chunks/node_modules_next_dist_1e8vcs8._.js:776
[   28484ms] [WARNING] Image with src "/admin-background.jpg" has legacy prop "layout". Did you forget to run the codemod?
Read more: https://nextjs.org/docs/messages/next-image-upgrade-to-13 @ http://localhost:4011/_next/static/chunks/node_modules_next_dist_1e8vcs8._.js:776
[   28484ms] [WARNING] Image with src "/admin-background.jpg" has legacy prop "objectFit". Did you forget to run the codemod?
Read more: https://nextjs.org/docs/messages/next-image-upgrade-to-13 @ http://localhost:4011/_next/static/chunks/node_modules_next_dist_1e8vcs8._.js:776
[   28537ms] [ERROR] Failed to load resource: the server responded with a status of 401 (Unauthorized) @ http://localhost:4001/v2/auth/me:0
[   28540ms] [ERROR] Failed to load resource: the server responded with a status of 401 (Unauthorized) @ http://localhost:4001/v2/auth/me:0
[   28540ms] [ERROR] Failed to load resource: the server responded with a status of 429 (Too Many Requests) @ http://localhost:4001/v2/auth/refresh:0
[   28731ms] [VERBOSE] [DOM] Input elements should have autocomplete attributes (suggested: "current-password"): (More info: https://goo.gl/9p2vKq) %o @ http://localhost:4011/login:0
[   28749ms] [INFO] %cDownload the React DevTools for a better development experience: https://react.dev/link/react-devtools font-weight:bold @ http://localhost:4011/_next/static/chunks/node_modules_next_dist_1e8vcs8._.js:776
[   28777ms] [LOG] [HMR] connected @ http://localhost:4011/_next/static/chunks/node_modules_next_dist_1e8vcs8._.js:776
[   28818ms] [WARNING] Image with src "/admin-background.jpg" is using quality "100" which is not configured in images.qualities [70, 70, 70, 70, 70, 70, 70, 70, 70, 70, 70, 70, 70, 70, 70, 70, 70, 70, 70, 70, 70, 70, 70, 70, 70, 70, 70, 70, 70, 70, 70, 70, 70, 70, 75]. Please update your config to [100, 70, 70, 70, 70, 70, 70, 70, 70, 70, 70, 70, 70, 70, 70, 70, 70, 70, 70, 70, 70, 70, 70, 70, 70, 70, 70, 70, 70, 70, 70, 70, 70, 70, 70, 75].
Read more: https://nextjs.org/docs/messages/next-image-unconfigured-qualities @ http://localhost:4011/_next/static/chunks/node_modules_next_dist_1e8vcs8._.js:776
[   28818ms] [WARNING] Image with src "/admin-background.jpg" has legacy prop "layout". Did you forget to run the codemod?
Read more: https://nextjs.org/docs/messages/next-image-upgrade-to-13 @ http://localhost:4011/_next/static/chunks/node_modules_next_dist_1e8vcs8._.js:776
[   28818ms] [WARNING] Image with src "/admin-background.jpg" has legacy prop "objectFit". Did you forget to run the codemod?
Read more: https://nextjs.org/docs/messages/next-image-upgrade-to-13 @ http://localhost:4011/_next/static/chunks/node_modules_next_dist_1e8vcs8._.js:776
[   28866ms] [ERROR] Failed to load resource: the server responded with a status of 401 (Unauthorized) @ http://localhost:4001/v2/auth/me:0
[   28868ms] [ERROR] Failed to load resource: the server responded with a status of 401 (Unauthorized) @ http://localhost:4001/v2/auth/me:0
[   28869ms] [ERROR] Failed to load resource: the server responded with a status of 429 (Too Many Requests) @ http://localhost:4001/v2/auth/refresh:0
[   29141ms] [VERBOSE] [DOM] Input elements should have autocomplete attributes (suggested: "current-password"): (More info: https://goo.gl/9p2vKq) %o @ http://localhost:4011/login:0
[   29160ms] [INFO] %cDownload the React DevTools for a better development experience: https://react.dev/link/react-devtools font-weight:bold @ http://localhost:4011/_next/static/chunks/node_modules_next_dist_1e8vcs8._.js:776
[   29176ms] [LOG] [HMR] connected @ http://localhost:4011/_next/static/chunks/node_modules_next_dist_1e8vcs8._.js:776
[   29245ms] [WARNING] Image with src "/admin-background.jpg" is using quality "100" which is not configured in images.qualities [70, 70, 70, 70, 70, 70, 70, 70, 70, 70, 70, 70, 70, 70, 70, 70, 70, 70, 70, 70, 70, 70, 70, 70, 70, 70, 70, 70, 70, 70, 70, 70, 70, 70, 75]. Please update your config to [100, 70, 70, 70, 70, 70, 70, 70, 70, 70, 70, 70, 70, 70, 70, 70, 70, 70, 70, 70, 70, 70, 70, 70, 70, 70, 70, 70, 70, 70, 70, 70, 70, 70, 70, 75].
Read more: https://nextjs.org/docs/messages/next-image-unconfigured-qualities @ http://localhost:4011/_next/static/chunks/node_modules_next_dist_1e8vcs8._.js:776
[   29245ms] [WARNING] Image with src "/admin-background.jpg" has legacy prop "layout". Did you forget to run the codemod?
Read more: https://nextjs.org/docs/messages/next-image-upgrade-to-13 @ http://localhost:4011/_next/static/chunks/node_modules_next_dist_1e8vcs8._.js:776
[   29246ms] [WARNING] Image with src "/admin-background.jpg" has legacy prop "objectFit". Did you forget to run the codemod?
Read more: https://nextjs.org/docs/messages/next-image-upgrade-to-13 @ http://localhost:4011/_next/static/chunks/node_modules_next_dist_1e8vcs8._.js:776
[   29297ms] [ERROR] Failed to load resource: the server responded with a status of 401 (Unauthorized) @ http://localhost:4001/v2/auth/me:0
[   29299ms] [ERROR] Failed to load resource: the server responded with a status of 401 (Unauthorized) @ http://localhost:4001/v2/auth/me:0
[   29300ms] [ERROR] Failed to load resource: the server responded with a status of 429 (Too Many Requests) @ http://localhost:4001/v2/auth/refresh:0
[   29512ms] [VERBOSE] [DOM] Input elements should have autocomplete attributes (suggested: "current-password"): (More info: https://goo.gl/9p2vKq) %o @ http://localhost:4011/login:0
[   29522ms] [INFO] %cDownload the React DevTools for a better development experience: https://react.dev/link/react-devtools font-weight:bold @ http://localhost:4011/_next/static/chunks/node_modules_next_dist_1e8vcs8._.js:776
[   29543ms] [LOG] [HMR] connected @ http://localhost:4011/_next/static/chunks/node_modules_next_dist_1e8vcs8._.js:776
[   29600ms] [WARNING] Image with src "/admin-background.jpg" is using quality "100" which is not configured in images.qualities [70, 70, 70, 70, 70, 70, 70, 70, 70, 70, 70, 70, 70, 70, 70, 70, 70, 70, 70, 70, 70, 70, 70, 70, 70, 70, 70, 70, 70, 70, 70, 70, 70, 70, 75]. Please update your config to [100, 70, 70, 70, 70, 70, 70, 70, 70, 70, 70, 70, 70, 70, 70, 70, 70, 70, 70, 70, 70, 70, 70, 70, 70, 70, 70, 70, 70, 70, 70, 70, 70, 70, 70, 75].
Read more: https://nextjs.org/docs/messages/next-image-unconfigured-qualities @ http://localhost:4011/_next/static/chunks/node_modules_next_dist_1e8vcs8._.js:776
[   29600ms] [WARNING] Image with src "/admin-background.jpg" has legacy prop "layout". Did you forget to run the codemod?
Read more: https://nextjs.org/docs/messages/next-image-upgrade-to-13 @ http://localhost:4011/_next/static/chunks/node_modules_next_dist_1e8vcs8._.js:776
[   29600ms] [WARNING] Image with src "/admin-background.jpg" has legacy prop "objectFit". Did you forget to run the codemod?
Read more: https://nextjs.org/docs/messages/next-image-upgrade-to-13 @ http://localhost:4011/_next/static/chunks/node_modules_next_dist_1e8vcs8._.js:776
[   29646ms] [ERROR] Failed to load resource: the server responded with a status of 401 (Unauthorized) @ http://localhost:4001/v2/auth/me:0
[   29649ms] [ERROR] Failed to load resource: the server responded with a status of 401 (Unauthorized) @ http://localhost:4001/v2/auth/me:0
[   29649ms] [ERROR] Failed to load resource: the server responded with a status of 429 (Too Many Requests) @ http://localhost:4001/v2/auth/refresh:0
[   29816ms] [VERBOSE] [DOM] Input elements should have autocomplete attributes (suggested: "current-password"): (More info: https://goo.gl/9p2vKq) %o @ http://localhost:4011/login:0
[   29834ms] [INFO] %cDownload the React DevTools for a better development experience: https://react.dev/link/react-devtools font-weight:bold @ http://localhost:4011/_next/static/chunks/node_modules_next_dist_1e8vcs8._.js:776
[   29858ms] [LOG] [HMR] connected @ http://localhost:4011/_next/static/chunks/node_modules_next_dist_1e8vcs8._.js:776
[   29933ms] [WARNING] Image with src "/admin-background.jpg" is using quality "100" which is not configured in images.qualities [70, 70, 70, 70, 70, 70, 70, 70, 70, 70, 70, 70, 70, 70, 70, 70, 70, 70, 70, 70, 70, 70, 70, 70, 70, 70, 70, 70, 70, 70, 70, 70, 70, 70, 75]. Please update your config to [100, 70, 70, 70, 70, 70, 70, 70, 70, 70, 70, 70, 70, 70, 70, 70, 70, 70, 70, 70, 70, 70, 70, 70, 70, 70, 70, 70, 70, 70, 70, 70, 70, 70, 70, 75].
Read more: https://nextjs.org/docs/messages/next-image-unconfigured-qualities @ http://localhost:4011/_next/static/chunks/node_modules_next_dist_1e8vcs8._.js:776
[   29933ms] [WARNING] Image with src "/admin-background.jpg" has legacy prop "layout". Did you forget to run the codemod?
Read more: https://nextjs.org/docs/messages/next-image-upgrade-to-13 @ http://localhost:4011/_next/static/chunks/node_modules_next_dist_1e8vcs8._.js:776
[   29933ms] [WARNING] Image with src "/admin-background.jpg" has legacy prop "objectFit". Did you forget to run the codemod?
Read more: https://nextjs.org/docs/messages/next-image-upgrade-to-13 @ http://localhost:4011/_next/static/chunks/node_modules_next_dist_1e8vcs8._.js:776
[   30009ms] [ERROR] Failed to load resource: the server responded with a status of 401 (Unauthorized) @ http://localhost:4001/v2/auth/me:0
[   30012ms] [ERROR] Failed to load resource: the server responded with a status of 401 (Unauthorized) @ http://localhost:4001/v2/auth/me:0
[   30012ms] [ERROR] Failed to load resource: the server responded with a status of 429 (Too Many Requests) @ http://localhost:4001/v2/auth/refresh:0
[   30126ms] [VERBOSE] [DOM] Input elements should have autocomplete attributes (suggested: "current-password"): (More info: https://goo.gl/9p2vKq) %o @ http://localhost:4011/login:0
[   30133ms] [INFO] %cDownload the React DevTools for a better development experience: https://react.dev/link/react-devtools font-weight:bold @ http://localhost:4011/_next/static/chunks/node_modules_next_dist_1e8vcs8._.js:776
[   30152ms] [LOG] [HMR] connected @ http://localhost:4011/_next/static/chunks/node_modules_next_dist_1e8vcs8._.js:776
[   30218ms] [WARNING] Image with src "/admin-background.jpg" is using quality "100" which is not configured in images.qualities [70, 70, 70, 70, 70, 70, 70, 70, 70, 70, 70, 70, 70, 70, 70, 70, 70, 70, 70, 70, 70, 70, 70, 70, 70, 70, 70, 70, 70, 70, 70, 70, 70, 70, 75]. Please update your config to [100, 70, 70, 70, 70, 70, 70, 70, 70, 70, 70, 70, 70, 70, 70, 70, 70, 70, 70, 70, 70, 70, 70, 70, 70, 70, 70, 70, 70, 70, 70, 70, 70, 70, 70, 75].
Read more: https://nextjs.org/docs/messages/next-image-unconfigured-qualities @ http://localhost:4011/_next/static/chunks/node_modules_next_dist_1e8vcs8._.js:776
[   30218ms] [WARNING] Image with src "/admin-background.jpg" has legacy prop "layout". Did you forget to run the codemod?
Read more: https://nextjs.org/docs/messages/next-image-upgrade-to-13 @ http://localhost:4011/_next/static/chunks/node_modules_next_dist_1e8vcs8._.js:776
[   30218ms] [WARNING] Image with src "/admin-background.jpg" has legacy prop "objectFit". Did you forget to run the codemod?
Read more: https://nextjs.org/docs/messages/next-image-upgrade-to-13 @ http://localhost:4011/_next/static/chunks/node_modules_next_dist_1e8vcs8._.js:776
[   30262ms] [ERROR] Failed to load resource: the server responded with a status of 401 (Unauthorized) @ http://localhost:4001/v2/auth/me:0
[   30263ms] [ERROR] Failed to load resource: the server responded with a status of 401 (Unauthorized) @ http://localhost:4001/v2/auth/me:0
[   30266ms] [ERROR] Failed to load resource: the server responded with a status of 429 (Too Many Requests) @ http://localhost:4001/v2/auth/refresh:0
[   30475ms] [VERBOSE] [DOM] Input elements should have autocomplete attributes (suggested: "current-password"): (More info: https://goo.gl/9p2vKq) %o @ http://localhost:4011/login:0
[   30503ms] [INFO] %cDownload the React DevTools for a better development experience: https://react.dev/link/react-devtools font-weight:bold @ http://localhost:4011/_next/static/chunks/node_modules_next_dist_1e8vcs8._.js:776
[   30523ms] [LOG] [HMR] connected @ http://localhost:4011/_next/static/chunks/node_modules_next_dist_1e8vcs8._.js:776
[   30597ms] [WARNING] Image with src "/admin-background.jpg" is using quality "100" which is not configured in images.qualities [70, 70, 70, 70, 70, 70, 70, 70, 70, 70, 70, 70, 70, 70, 70, 70, 70, 70, 70, 70, 70, 70, 70, 70, 70, 70, 70, 70, 70, 70, 70, 70, 70, 70, 75]. Please update your config to [100, 70, 70, 70, 70, 70, 70, 70, 70, 70, 70, 70, 70, 70, 70, 70, 70, 70, 70, 70, 70, 70, 70, 70, 70, 70, 70, 70, 70, 70, 70, 70, 70, 70, 70, 75].
Read more: https://nextjs.org/docs/messages/next-image-unconfigured-qualities @ http://localhost:4011/_next/static/chunks/node_modules_next_dist_1e8vcs8._.js:776
[   30597ms] [WARNING] Image with src "/admin-background.jpg" has legacy prop "layout". Did you forget to run the codemod?
Read more: https://nextjs.org/docs/messages/next-image-upgrade-to-13 @ http://localhost:4011/_next/static/chunks/node_modules_next_dist_1e8vcs8._.js:776
[   30598ms] [WARNING] Image with src "/admin-background.jpg" has legacy prop "objectFit". Did you forget to run the codemod?
Read more: https://nextjs.org/docs/messages/next-image-upgrade-to-13 @ http://localhost:4011/_next/static/chunks/node_modules_next_dist_1e8vcs8._.js:776
[   30644ms] [ERROR] Failed to load resource: the server responded with a status of 401 (Unauthorized) @ http://localhost:4001/v2/auth/me:0
[   30645ms] [ERROR] Failed to load resource: the server responded with a status of 401 (Unauthorized) @ http://localhost:4001/v2/auth/me:0
[   30647ms] [ERROR] Failed to load resource: the server responded with a status of 429 (Too Many Requests) @ http://localhost:4001/v2/auth/refresh:0
[   30861ms] [VERBOSE] [DOM] Input elements should have autocomplete attributes (suggested: "current-password"): (More info: https://goo.gl/9p2vKq) %o @ http://localhost:4011/login:0
[   30874ms] [INFO] %cDownload the React DevTools for a better development experience: https://react.dev/link/react-devtools font-weight:bold @ http://localhost:4011/_next/static/chunks/node_modules_next_dist_1e8vcs8._.js:776
[   30894ms] [LOG] [HMR] connected @ http://localhost:4011/_next/static/chunks/node_modules_next_dist_1e8vcs8._.js:776
[   30953ms] [WARNING] Image with src "/admin-background.jpg" is using quality "100" which is not configured in images.qualities [70, 70, 70, 70, 70, 70, 70, 70, 70, 70, 70, 70, 70, 70, 70, 70, 70, 70, 70, 70, 70, 70, 70, 70, 70, 70, 70, 70, 70, 70, 70, 70, 70, 70, 75]. Please update your config to [100, 70, 70, 70, 70, 70, 70, 70, 70, 70, 70, 70, 70, 70, 70, 70, 70, 70, 70, 70, 70, 70, 70, 70, 70, 70, 70, 70, 70, 70, 70, 70, 70, 70, 70, 75].
Read more: https://nextjs.org/docs/messages/next-image-unconfigured-qualities @ http://localhost:4011/_next/static/chunks/node_modules_next_dist_1e8vcs8._.js:776
[   30953ms] [WARNING] Image with src "/admin-background.jpg" has legacy prop "layout". Did you forget to run the codemod?
Read more: https://nextjs.org/docs/messages/next-image-upgrade-to-13 @ http://localhost:4011/_next/static/chunks/node_modules_next_dist_1e8vcs8._.js:776
[   30953ms] [WARNING] Image with src "/admin-background.jpg" has legacy prop "objectFit". Did you forget to run the codemod?
Read more: https://nextjs.org/docs/messages/next-image-upgrade-to-13 @ http://localhost:4011/_next/static/chunks/node_modules_next_dist_1e8vcs8._.js:776
[   31007ms] [ERROR] Failed to load resource: the server responded with a status of 401 (Unauthorized) @ http://localhost:4001/v2/auth/me:0
[   31010ms] [ERROR] Failed to load resource: the server responded with a status of 401 (Unauthorized) @ http://localhost:4001/v2/auth/me:0
[   31011ms] [ERROR] Failed to load resource: the server responded with a status of 429 (Too Many Requests) @ http://localhost:4001/v2/auth/refresh:0
[   31143ms] [VERBOSE] [DOM] Input elements should have autocomplete attributes (suggested: "current-password"): (More info: https://goo.gl/9p2vKq) %o @ http://localhost:4011/login:0
[   31150ms] [INFO] %cDownload the React DevTools for a better development experience: https://react.dev/link/react-devtools font-weight:bold @ http://localhost:4011/_next/static/chunks/node_modules_next_dist_1e8vcs8._.js:776
[   31184ms] [LOG] [HMR] connected @ http://localhost:4011/_next/static/chunks/node_modules_next_dist_1e8vcs8._.js:776
[   31226ms] [WARNING] Image with src "/admin-background.jpg" is using quality "100" which is not configured in images.qualities [70, 70, 70, 70, 70, 70, 70, 70, 70, 70, 70, 70, 70, 70, 70, 70, 70, 70, 70, 70, 70, 70, 70, 70, 70, 70, 70, 70, 70, 70, 70, 70, 70, 70, 75]. Please update your config to [100, 70, 70, 70, 70, 70, 70, 70, 70, 70, 70, 70, 70, 70, 70, 70, 70, 70, 70, 70, 70, 70, 70, 70, 70, 70, 70, 70, 70, 70, 70, 70, 70, 70, 70, 75].
Read more: https://nextjs.org/docs/messages/next-image-unconfigured-qualities @ http://localhost:4011/_next/static/chunks/node_modules_next_dist_1e8vcs8._.js:776
[   31226ms] [WARNING] Image with src "/admin-background.jpg" has legacy prop "layout". Did you forget to run the codemod?
Read more: https://nextjs.org/docs/messages/next-image-upgrade-to-13 @ http://localhost:4011/_next/static/chunks/node_modules_next_dist_1e8vcs8._.js:776
[   31227ms] [WARNING] Image with src "/admin-background.jpg" has legacy prop "objectFit". Did you forget to run the codemod?
Read more: https://nextjs.org/docs/messages/next-image-upgrade-to-13 @ http://localhost:4011/_next/static/chunks/node_modules_next_dist_1e8vcs8._.js:776
[   31272ms] [ERROR] Failed to load resource: the server responded with a status of 401 (Unauthorized) @ http://localhost:4001/v2/auth/me:0
[   31275ms] [ERROR] Failed to load resource: the server responded with a status of 401 (Unauthorized) @ http://localhost:4001/v2/auth/me:0
[   31275ms] [ERROR] Failed to load resource: the server responded with a status of 429 (Too Many Requests) @ http://localhost:4001/v2/auth/refresh:0
[   31566ms] [VERBOSE] [DOM] Input elements should have autocomplete attributes (suggested: "current-password"): (More info: https://goo.gl/9p2vKq) %o @ http://localhost:4011/login:0
[   31591ms] [INFO] %cDownload the React DevTools for a better development experience: https://react.dev/link/react-devtools font-weight:bold @ http://localhost:4011/_next/static/chunks/node_modules_next_dist_1e8vcs8._.js:776
[   31649ms] [LOG] [HMR] connected @ http://localhost:4011/_next/static/chunks/node_modules_next_dist_1e8vcs8._.js:776
[   31719ms] [WARNING] Image with src "/admin-background.jpg" is using quality "100" which is not configured in images.qualities [70, 70, 70, 70, 70, 70, 70, 70, 70, 70, 70, 70, 70, 70, 70, 70, 70, 70, 70, 70, 70, 70, 70, 70, 70, 70, 70, 70, 70, 70, 70, 70, 70, 70, 75]. Please update your config to [100, 70, 70, 70, 70, 70, 70, 70, 70, 70, 70, 70, 70, 70, 70, 70, 70, 70, 70, 70, 70, 70, 70, 70, 70, 70, 70, 70, 70, 70, 70, 70, 70, 70, 70, 75].
Read more: https://nextjs.org/docs/messages/next-image-unconfigured-qualities @ http://localhost:4011/_next/static/chunks/node_modules_next_dist_1e8vcs8._.js:776
[   31720ms] [WARNING] Image with src "/admin-background.jpg" has legacy prop "layout". Did you forget to run the codemod?
Read more: https://nextjs.org/docs/messages/next-image-upgrade-to-13 @ http://localhost:4011/_next/static/chunks/node_modules_next_dist_1e8vcs8._.js:776
[   31720ms] [WARNING] Image with src "/admin-background.jpg" has legacy prop "objectFit". Did you forget to run the codemod?
Read more: https://nextjs.org/docs/messages/next-image-upgrade-to-13 @ http://localhost:4011/_next/static/chunks/node_modules_next_dist_1e8vcs8._.js:776
[   31767ms] [ERROR] Failed to load resource: the server responded with a status of 401 (Unauthorized) @ http://localhost:4001/v2/auth/me:0
[   31770ms] [ERROR] Failed to load resource: the server responded with a status of 401 (Unauthorized) @ http://localhost:4001/v2/auth/me:0
[   31770ms] [ERROR] Failed to load resource: the server responded with a status of 429 (Too Many Requests) @ http://localhost:4001/v2/auth/refresh:0
[   31974ms] [VERBOSE] [DOM] Input elements should have autocomplete attributes (suggested: "current-password"): (More info: https://goo.gl/9p2vKq) %o @ http://localhost:4011/login:0
[   32011ms] [INFO] %cDownload the React DevTools for a better development experience: https://react.dev/link/react-devtools font-weight:bold @ http://localhost:4011/_next/static/chunks/node_modules_next_dist_1e8vcs8._.js:776
[   32071ms] [LOG] [HMR] connected @ http://localhost:4011/_next/static/chunks/node_modules_next_dist_1e8vcs8._.js:776
[   32108ms] [WARNING] Image with src "/admin-background.jpg" is using quality "100" which is not configured in images.qualities [70, 70, 70, 70, 70, 70, 70, 70, 70, 70, 70, 70, 70, 70, 70, 70, 70, 70, 70, 70, 70, 70, 70, 70, 70, 70, 70, 70, 70, 70, 70, 70, 70, 70, 75]. Please update your config to [100, 70, 70, 70, 70, 70, 70, 70, 70, 70, 70, 70, 70, 70, 70, 70, 70, 70, 70, 70, 70, 70, 70, 70, 70, 70, 70, 70, 70, 70, 70, 70, 70, 70, 70, 75].
Read more: https://nextjs.org/docs/messages/next-image-unconfigured-qualities @ http://localhost:4011/_next/static/chunks/node_modules_next_dist_1e8vcs8._.js:776
[   32108ms] [WARNING] Image with src "/admin-background.jpg" has legacy prop "layout". Did you forget to run the codemod?
Read more: https://nextjs.org/docs/messages/next-image-upgrade-to-13 @ http://localhost:4011/_next/static/chunks/node_modules_next_dist_1e8vcs8._.js:776
[   32109ms] [WARNING] Image with src "/admin-background.jpg" has legacy prop "objectFit". Did you forget to run the codemod?
Read more: https://nextjs.org/docs/messages/next-image-upgrade-to-13 @ http://localhost:4011/_next/static/chunks/node_modules_next_dist_1e8vcs8._.js:776
[   32155ms] [ERROR] Failed to load resource: the server responded with a status of 401 (Unauthorized) @ http://localhost:4001/v2/auth/me:0
[   32156ms] [ERROR] Failed to load resource: the server responded with a status of 401 (Unauthorized) @ http://localhost:4001/v2/auth/me:0
[   32157ms] [ERROR] Failed to load resource: the server responded with a status of 429 (Too Many Requests) @ http://localhost:4001/v2/auth/refresh:0
[   32325ms] [VERBOSE] [DOM] Input elements should have autocomplete attributes (suggested: "current-password"): (More info: https://goo.gl/9p2vKq) %o @ http://localhost:4011/login:0
[   32339ms] [INFO] %cDownload the React DevTools for a better development experience: https://react.dev/link/react-devtools font-weight:bold @ http://localhost:4011/_next/static/chunks/node_modules_next_dist_1e8vcs8._.js:776
[   32357ms] [LOG] [HMR] connected @ http://localhost:4011/_next/static/chunks/node_modules_next_dist_1e8vcs8._.js:776
[   32418ms] [WARNING] Image with src "/admin-background.jpg" is using quality "100" which is not configured in images.qualities [70, 70, 70, 70, 70, 70, 70, 70, 70, 70, 70, 70, 70, 70, 70, 70, 70, 70, 70, 70, 70, 70, 70, 70, 70, 70, 70, 70, 70, 70, 70, 70, 70, 70, 75]. Please update your config to [100, 70, 70, 70, 70, 70, 70, 70, 70, 70, 70, 70, 70, 70, 70, 70, 70, 70, 70, 70, 70, 70, 70, 70, 70, 70, 70, 70, 70, 70, 70, 70, 70, 70, 70, 75].
Read more: https://nextjs.org/docs/messages/next-image-unconfigured-qualities @ http://localhost:4011/_next/static/chunks/node_modules_next_dist_1e8vcs8._.js:776
[   32418ms] [WARNING] Image with src "/admin-background.jpg" has legacy prop "layout". Did you forget to run the codemod?
Read more: https://nextjs.org/docs/messages/next-image-upgrade-to-13 @ http://localhost:4011/_next/static/chunks/node_modules_next_dist_1e8vcs8._.js:776
[   32418ms] [WARNING] Image with src "/admin-background.jpg" has legacy prop "objectFit". Did you forget to run the codemod?
Read more: https://nextjs.org/docs/messages/next-image-upgrade-to-13 @ http://localhost:4011/_next/static/chunks/node_modules_next_dist_1e8vcs8._.js:776
[   32456ms] [ERROR] Failed to load resource: the server responded with a status of 401 (Unauthorized) @ http://localhost:4001/v2/auth/me:0
[   32456ms] [ERROR] Failed to load resource: the server responded with a status of 401 (Unauthorized) @ http://localhost:4001/v2/auth/me:0
[   32459ms] [ERROR] Failed to load resource: the server responded with a status of 429 (Too Many Requests) @ http://localhost:4001/v2/auth/refresh:0
[   32561ms] [VERBOSE] [DOM] Input elements should have autocomplete attributes (suggested: "current-password"): (More info: https://goo.gl/9p2vKq) %o @ http://localhost:4011/login:0
[   32577ms] [INFO] %cDownload the React DevTools for a better development experience: https://react.dev/link/react-devtools font-weight:bold @ http://localhost:4011/_next/static/chunks/node_modules_next_dist_1e8vcs8._.js:776
[   32602ms] [LOG] [HMR] connected @ http://localhost:4011/_next/static/chunks/node_modules_next_dist_1e8vcs8._.js:776
[   32668ms] [WARNING] Image with src "/admin-background.jpg" is using quality "100" which is not configured in images.qualities [70, 70, 70, 70, 70, 70, 70, 70, 70, 70, 70, 70, 70, 70, 70, 70, 70, 70, 70, 70, 70, 70, 70, 70, 70, 70, 70, 70, 70, 70, 70, 70, 70, 70, 75]. Please update your config to [100, 70, 70, 70, 70, 70, 70, 70, 70, 70, 70, 70, 70, 70, 70, 70, 70, 70, 70, 70, 70, 70, 70, 70, 70, 70, 70, 70, 70, 70, 70, 70, 70, 70, 70, 75].
Read more: https://nextjs.org/docs/messages/next-image-unconfigured-qualities @ http://localhost:4011/_next/static/chunks/node_modules_next_dist_1e8vcs8._.js:776
[   32668ms] [WARNING] Image with src "/admin-background.jpg" has legacy prop "layout". Did you forget to run the codemod?
Read more: https://nextjs.org/docs/messages/next-image-upgrade-to-13 @ http://localhost:4011/_next/static/chunks/node_modules_next_dist_1e8vcs8._.js:776
[   32668ms] [WARNING] Image with src "/admin-background.jpg" has legacy prop "objectFit". Did you forget to run the codemod?
Read more: https://nextjs.org/docs/messages/next-image-upgrade-to-13 @ http://localhost:4011/_next/static/chunks/node_modules_next_dist_1e8vcs8._.js:776
[   32735ms] [ERROR] Failed to load resource: the server responded with a status of 401 (Unauthorized) @ http://localhost:4001/v2/auth/me:0
[   32738ms] [ERROR] Failed to load resource: the server responded with a status of 401 (Unauthorized) @ http://localhost:4001/v2/auth/me:0
[   32738ms] [ERROR] Failed to load resource: the server responded with a status of 429 (Too Many Requests) @ http://localhost:4001/v2/auth/refresh:0
[   32899ms] [VERBOSE] [DOM] Input elements should have autocomplete attributes (suggested: "current-password"): (More info: https://goo.gl/9p2vKq) %o @ http://localhost:4011/login:0
[   32916ms] [INFO] %cDownload the React DevTools for a better development experience: https://react.dev/link/react-devtools font-weight:bold @ http://localhost:4011/_next/static/chunks/node_modules_next_dist_1e8vcs8._.js:776
[   32935ms] [LOG] [HMR] connected @ http://localhost:4011/_next/static/chunks/node_modules_next_dist_1e8vcs8._.js:776
[   33001ms] [WARNING] Image with src "/admin-background.jpg" is using quality "100" which is not configured in images.qualities [70, 70, 70, 70, 70, 70, 70, 70, 70, 70, 70, 70, 70, 70, 70, 70, 70, 70, 70, 70, 70, 70, 70, 70, 70, 70, 70, 70, 70, 70, 70, 70, 70, 70, 75]. Please update your config to [100, 70, 70, 70, 70, 70, 70, 70, 70, 70, 70, 70, 70, 70, 70, 70, 70, 70, 70, 70, 70, 70, 70, 70, 70, 70, 70, 70, 70, 70, 70, 70, 70, 70, 70, 75].
Read more: https://nextjs.org/docs/messages/next-image-unconfigured-qualities @ http://localhost:4011/_next/static/chunks/node_modules_next_dist_1e8vcs8._.js:776
[   33001ms] [WARNING] Image with src "/admin-background.jpg" has legacy prop "layout". Did you forget to run the codemod?
Read more: https://nextjs.org/docs/messages/next-image-upgrade-to-13 @ http://localhost:4011/_next/static/chunks/node_modules_next_dist_1e8vcs8._.js:776
[   33002ms] [WARNING] Image with src "/admin-background.jpg" has legacy prop "objectFit". Did you forget to run the codemod?
Read more: https://nextjs.org/docs/messages/next-image-upgrade-to-13 @ http://localhost:4011/_next/static/chunks/node_modules_next_dist_1e8vcs8._.js:776
[   33050ms] [ERROR] Failed to load resource: the server responded with a status of 401 (Unauthorized) @ http://localhost:4001/v2/auth/me:0
[   33052ms] [ERROR] Failed to load resource: the server responded with a status of 401 (Unauthorized) @ http://localhost:4001/v2/auth/me:0
[   33053ms] [ERROR] Failed to load resource: the server responded with a status of 429 (Too Many Requests) @ http://localhost:4001/v2/auth/refresh:0
[   33235ms] [VERBOSE] [DOM] Input elements should have autocomplete attributes (suggested: "current-password"): (More info: https://goo.gl/9p2vKq) %o @ http://localhost:4011/login:0
[   33244ms] [INFO] %cDownload the React DevTools for a better development experience: https://react.dev/link/react-devtools font-weight:bold @ http://localhost:4011/_next/static/chunks/node_modules_next_dist_1e8vcs8._.js:776
[   33269ms] [LOG] [HMR] connected @ http://localhost:4011/_next/static/chunks/node_modules_next_dist_1e8vcs8._.js:776
[   33310ms] [WARNING] Image with src "/admin-background.jpg" is using quality "100" which is not configured in images.qualities [70, 70, 70, 70, 70, 70, 70, 70, 70, 70, 70, 70, 70, 70, 70, 70, 70, 70, 70, 70, 70, 70, 70, 70, 70, 70, 70, 70, 70, 70, 70, 70, 70, 70, 75]. Please update your config to [100, 70, 70, 70, 70, 70, 70, 70, 70, 70, 70, 70, 70, 70, 70, 70, 70, 70, 70, 70, 70, 70, 70, 70, 70, 70, 70, 70, 70, 70, 70, 70, 70, 70, 70, 75].
Read more: https://nextjs.org/docs/messages/next-image-unconfigured-qualities @ http://localhost:4011/_next/static/chunks/node_modules_next_dist_1e8vcs8._.js:776
[   33310ms] [WARNING] Image with src "/admin-background.jpg" has legacy prop "layout". Did you forget to run the codemod?
Read more: https://nextjs.org/docs/messages/next-image-upgrade-to-13 @ http://localhost:4011/_next/static/chunks/node_modules_next_dist_1e8vcs8._.js:776
[   33310ms] [WARNING] Image with src "/admin-background.jpg" has legacy prop "objectFit". Did you forget to run the codemod?
Read more: https://nextjs.org/docs/messages/next-image-upgrade-to-13 @ http://localhost:4011/_next/static/chunks/node_modules_next_dist_1e8vcs8._.js:776
[   33349ms] [ERROR] Failed to load resource: the server responded with a status of 401 (Unauthorized) @ http://localhost:4001/v2/auth/me:0
[   33350ms] [ERROR] Failed to load resource: the server responded with a status of 401 (Unauthorized) @ http://localhost:4001/v2/auth/me:0
[   33351ms] [ERROR] Failed to load resource: the server responded with a status of 429 (Too Many Requests) @ http://localhost:4001/v2/auth/refresh:0
[   33524ms] [VERBOSE] [DOM] Input elements should have autocomplete attributes (suggested: "current-password"): (More info: https://goo.gl/9p2vKq) %o @ http://localhost:4011/login:0
[   33536ms] [INFO] %cDownload the React DevTools for a better development experience: https://react.dev/link/react-devtools font-weight:bold @ http://localhost:4011/_next/static/chunks/node_modules_next_dist_1e8vcs8._.js:776
[   33564ms] [LOG] [HMR] connected @ http://localhost:4011/_next/static/chunks/node_modules_next_dist_1e8vcs8._.js:776
[   33609ms] [WARNING] Image with src "/admin-background.jpg" is using quality "100" which is not configured in images.qualities [70, 70, 70, 70, 70, 70, 70, 70, 70, 70, 70, 70, 70, 70, 70, 70, 70, 70, 70, 70, 70, 70, 70, 70, 70, 70, 70, 70, 70, 70, 70, 70, 70, 70, 75]. Please update your config to [100, 70, 70, 70, 70, 70, 70, 70, 70, 70, 70, 70, 70, 70, 70, 70, 70, 70, 70, 70, 70, 70, 70, 70, 70, 70, 70, 70, 70, 70, 70, 70, 70, 70, 70, 75].
Read more: https://nextjs.org/docs/messages/next-image-unconfigured-qualities @ http://localhost:4011/_next/static/chunks/node_modules_next_dist_1e8vcs8._.js:776
[   33609ms] [WARNING] Image with src "/admin-background.jpg" has legacy prop "layout". Did you forget to run the codemod?
Read more: https://nextjs.org/docs/messages/next-image-upgrade-to-13 @ http://localhost:4011/_next/static/chunks/node_modules_next_dist_1e8vcs8._.js:776
[   33609ms] [WARNING] Image with src "/admin-background.jpg" has legacy prop "objectFit". Did you forget to run the codemod?
Read more: https://nextjs.org/docs/messages/next-image-upgrade-to-13 @ http://localhost:4011/_next/static/chunks/node_modules_next_dist_1e8vcs8._.js:776
[   33656ms] [ERROR] Failed to load resource: the server responded with a status of 401 (Unauthorized) @ http://localhost:4001/v2/auth/me:0
[   33657ms] [ERROR] Failed to load resource: the server responded with a status of 401 (Unauthorized) @ http://localhost:4001/v2/auth/me:0
[   33659ms] [ERROR] Failed to load resource: the server responded with a status of 429 (Too Many Requests) @ http://localhost:4001/v2/auth/refresh:0
[   33915ms] [VERBOSE] [DOM] Input elements should have autocomplete attributes (suggested: "current-password"): (More info: https://goo.gl/9p2vKq) %o @ http://localhost:4011/login:0
[   33937ms] [INFO] %cDownload the React DevTools for a better development experience: https://react.dev/link/react-devtools font-weight:bold @ http://localhost:4011/_next/static/chunks/node_modules_next_dist_1e8vcs8._.js:776
[   33955ms] [LOG] [HMR] connected @ http://localhost:4011/_next/static/chunks/node_modules_next_dist_1e8vcs8._.js:776
[   34035ms] [WARNING] Image with src "/admin-background.jpg" is using quality "100" which is not configured in images.qualities [70, 70, 70, 70, 70, 70, 70, 70, 70, 70, 70, 70, 70, 70, 70, 70, 70, 70, 70, 70, 70, 70, 70, 70, 70, 70, 70, 70, 70, 70, 70, 70, 70, 70, 75]. Please update your config to [100, 70, 70, 70, 70, 70, 70, 70, 70, 70, 70, 70, 70, 70, 70, 70, 70, 70, 70, 70, 70, 70, 70, 70, 70, 70, 70, 70, 70, 70, 70, 70, 70, 70, 70, 75].
Read more: https://nextjs.org/docs/messages/next-image-unconfigured-qualities @ http://localhost:4011/_next/static/chunks/node_modules_next_dist_1e8vcs8._.js:776
[   34035ms] [WARNING] Image with src "/admin-background.jpg" has legacy prop "layout". Did you forget to run the codemod?
Read more: https://nextjs.org/docs/messages/next-image-upgrade-to-13 @ http://localhost:4011/_next/static/chunks/node_modules_next_dist_1e8vcs8._.js:776
[   34035ms] [WARNING] Image with src "/admin-background.jpg" has legacy prop "objectFit". Did you forget to run the codemod?
Read more: https://nextjs.org/docs/messages/next-image-upgrade-to-13 @ http://localhost:4011/_next/static/chunks/node_modules_next_dist_1e8vcs8._.js:776
[   34093ms] [ERROR] Failed to load resource: the server responded with a status of 401 (Unauthorized) @ http://localhost:4001/v2/auth/me:0
[   34094ms] [ERROR] Failed to load resource: the server responded with a status of 401 (Unauthorized) @ http://localhost:4001/v2/auth/me:0
[   34096ms] [ERROR] Failed to load resource: the server responded with a status of 429 (Too Many Requests) @ http://localhost:4001/v2/auth/refresh:0
[   34230ms] [VERBOSE] [DOM] Input elements should have autocomplete attributes (suggested: "current-password"): (More info: https://goo.gl/9p2vKq) %o @ http://localhost:4011/login:0
[   34245ms] [INFO] %cDownload the React DevTools for a better development experience: https://react.dev/link/react-devtools font-weight:bold @ http://localhost:4011/_next/static/chunks/node_modules_next_dist_1e8vcs8._.js:776
[   34265ms] [LOG] [HMR] connected @ http://localhost:4011/_next/static/chunks/node_modules_next_dist_1e8vcs8._.js:776
[   34317ms] [WARNING] Image with src "/admin-background.jpg" is using quality "100" which is not configured in images.qualities [70, 70, 70, 70, 70, 70, 70, 70, 70, 70, 70, 70, 70, 70, 70, 70, 70, 70, 70, 70, 70, 70, 70, 70, 70, 70, 70, 70, 70, 70, 70, 70, 70, 70, 75]. Please update your config to [100, 70, 70, 70, 70, 70, 70, 70, 70, 70, 70, 70, 70, 70, 70, 70, 70, 70, 70, 70, 70, 70, 70, 70, 70, 70, 70, 70, 70, 70, 70, 70, 70, 70, 70, 75].
Read more: https://nextjs.org/docs/messages/next-image-unconfigured-qualities @ http://localhost:4011/_next/static/chunks/node_modules_next_dist_1e8vcs8._.js:776
[   34317ms] [WARNING] Image with src "/admin-background.jpg" has legacy prop "layout". Did you forget to run the codemod?
Read more: https://nextjs.org/docs/messages/next-image-upgrade-to-13 @ http://localhost:4011/_next/static/chunks/node_modules_next_dist_1e8vcs8._.js:776
[   34318ms] [WARNING] Image with src "/admin-background.jpg" has legacy prop "objectFit". Did you forget to run the codemod?
Read more: https://nextjs.org/docs/messages/next-image-upgrade-to-13 @ http://localhost:4011/_next/static/chunks/node_modules_next_dist_1e8vcs8._.js:776
[   34368ms] [ERROR] Failed to load resource: the server responded with a status of 401 (Unauthorized) @ http://localhost:4001/v2/auth/me:0
[   34369ms] [ERROR] Failed to load resource: the server responded with a status of 401 (Unauthorized) @ http://localhost:4001/v2/auth/me:0
[   34371ms] [ERROR] Failed to load resource: the server responded with a status of 429 (Too Many Requests) @ http://localhost:4001/v2/auth/refresh:0
[   34545ms] [VERBOSE] [DOM] Input elements should have autocomplete attributes (suggested: "current-password"): (More info: https://goo.gl/9p2vKq) %o @ http://localhost:4011/login:0
[   34554ms] [INFO] %cDownload the React DevTools for a better development experience: https://react.dev/link/react-devtools font-weight:bold @ http://localhost:4011/_next/static/chunks/node_modules_next_dist_1e8vcs8._.js:776
[   34571ms] [LOG] [HMR] connected @ http://localhost:4011/_next/static/chunks/node_modules_next_dist_1e8vcs8._.js:776
[   34616ms] [WARNING] Image with src "/admin-background.jpg" is using quality "100" which is not configured in images.qualities [70, 70, 70, 70, 70, 70, 70, 70, 70, 70, 70, 70, 70, 70, 70, 70, 70, 70, 70, 70, 70, 70, 70, 70, 70, 70, 70, 70, 70, 70, 70, 70, 70, 70, 75]. Please update your config to [100, 70, 70, 70, 70, 70, 70, 70, 70, 70, 70, 70, 70, 70, 70, 70, 70, 70, 70, 70, 70, 70, 70, 70, 70, 70, 70, 70, 70, 70, 70, 70, 70, 70, 70, 75].
Read more: https://nextjs.org/docs/messages/next-image-unconfigured-qualities @ http://localhost:4011/_next/static/chunks/node_modules_next_dist_1e8vcs8._.js:776
[   34616ms] [WARNING] Image with src "/admin-background.jpg" has legacy prop "layout". Did you forget to run the codemod?
Read more: https://nextjs.org/docs/messages/next-image-upgrade-to-13 @ http://localhost:4011/_next/static/chunks/node_modules_next_dist_1e8vcs8._.js:776
[   34616ms] [WARNING] Image with src "/admin-background.jpg" has legacy prop "objectFit". Did you forget to run the codemod?
Read more: https://nextjs.org/docs/messages/next-image-upgrade-to-13 @ http://localhost:4011/_next/static/chunks/node_modules_next_dist_1e8vcs8._.js:776
[   34660ms] [ERROR] Failed to load resource: the server responded with a status of 401 (Unauthorized) @ http://localhost:4001/v2/auth/me:0
[   34662ms] [ERROR] Failed to load resource: the server responded with a status of 401 (Unauthorized) @ http://localhost:4001/v2/auth/me:0
[   34663ms] [ERROR] Failed to load resource: the server responded with a status of 429 (Too Many Requests) @ http://localhost:4001/v2/auth/refresh:0
[   34767ms] [VERBOSE] [DOM] Input elements should have autocomplete attributes (suggested: "current-password"): (More info: https://goo.gl/9p2vKq) %o @ http://localhost:4011/login:0
[   34783ms] [INFO] %cDownload the React DevTools for a better development experience: https://react.dev/link/react-devtools font-weight:bold @ http://localhost:4011/_next/static/chunks/node_modules_next_dist_1e8vcs8._.js:776
[   34806ms] [LOG] [HMR] connected @ http://localhost:4011/_next/static/chunks/node_modules_next_dist_1e8vcs8._.js:776
[   34856ms] [WARNING] Image with src "/admin-background.jpg" is using quality "100" which is not configured in images.qualities [70, 70, 70, 70, 70, 70, 70, 70, 70, 70, 70, 70, 70, 70, 70, 70, 70, 70, 70, 70, 70, 70, 70, 70, 70, 70, 70, 70, 70, 70, 70, 70, 70, 70, 75]. Please update your config to [100, 70, 70, 70, 70, 70, 70, 70, 70, 70, 70, 70, 70, 70, 70, 70, 70, 70, 70, 70, 70, 70, 70, 70, 70, 70, 70, 70, 70, 70, 70, 70, 70, 70, 70, 75].
Read more: https://nextjs.org/docs/messages/next-image-unconfigured-qualities @ http://localhost:4011/_next/static/chunks/node_modules_next_dist_1e8vcs8._.js:776
[   34856ms] [WARNING] Image with src "/admin-background.jpg" has legacy prop "layout". Did you forget to run the codemod?
Read more: https://nextjs.org/docs/messages/next-image-upgrade-to-13 @ http://localhost:4011/_next/static/chunks/node_modules_next_dist_1e8vcs8._.js:776
[   34856ms] [WARNING] Image with src "/admin-background.jpg" has legacy prop "objectFit". Did you forget to run the codemod?
Read more: https://nextjs.org/docs/messages/next-image-upgrade-to-13 @ http://localhost:4011/_next/static/chunks/node_modules_next_dist_1e8vcs8._.js:776
[   34902ms] [ERROR] Failed to load resource: the server responded with a status of 401 (Unauthorized) @ http://localhost:4001/v2/auth/me:0
[   34903ms] [ERROR] Failed to load resource: the server responded with a status of 401 (Unauthorized) @ http://localhost:4001/v2/auth/me:0
[   34906ms] [ERROR] Failed to load resource: the server responded with a status of 429 (Too Many Requests) @ http://localhost:4001/v2/auth/refresh:0
[   35126ms] [VERBOSE] [DOM] Input elements should have autocomplete attributes (suggested: "current-password"): (More info: https://goo.gl/9p2vKq) %o @ http://localhost:4011/login:0
[   35140ms] [INFO] %cDownload the React DevTools for a better development experience: https://react.dev/link/react-devtools font-weight:bold @ http://localhost:4011/_next/static/chunks/node_modules_next_dist_1e8vcs8._.js:776
[   35162ms] [LOG] [HMR] connected @ http://localhost:4011/_next/static/chunks/node_modules_next_dist_1e8vcs8._.js:776
[   35212ms] [WARNING] Image with src "/admin-background.jpg" is using quality "100" which is not configured in images.qualities [70, 70, 70, 70, 70, 70, 70, 70, 70, 70, 70, 70, 70, 70, 70, 70, 70, 70, 70, 70, 70, 70, 70, 70, 70, 70, 70, 70, 70, 70, 70, 70, 70, 70, 75]. Please update your config to [100, 70, 70, 70, 70, 70, 70, 70, 70, 70, 70, 70, 70, 70, 70, 70, 70, 70, 70, 70, 70, 70, 70, 70, 70, 70, 70, 70, 70, 70, 70, 70, 70, 70, 70, 75].
Read more: https://nextjs.org/docs/messages/next-image-unconfigured-qualities @ http://localhost:4011/_next/static/chunks/node_modules_next_dist_1e8vcs8._.js:776
[   35212ms] [WARNING] Image with src "/admin-background.jpg" has legacy prop "layout". Did you forget to run the codemod?
Read more: https://nextjs.org/docs/messages/next-image-upgrade-to-13 @ http://localhost:4011/_next/static/chunks/node_modules_next_dist_1e8vcs8._.js:776
[   35212ms] [WARNING] Image with src "/admin-background.jpg" has legacy prop "objectFit". Did you forget to run the codemod?
Read more: https://nextjs.org/docs/messages/next-image-upgrade-to-13 @ http://localhost:4011/_next/static/chunks/node_modules_next_dist_1e8vcs8._.js:776
[   35270ms] [ERROR] Failed to load resource: the server responded with a status of 401 (Unauthorized) @ http://localhost:4001/v2/auth/me:0
[   35272ms] [ERROR] Failed to load resource: the server responded with a status of 401 (Unauthorized) @ http://localhost:4001/v2/auth/me:0
[   35272ms] [ERROR] Failed to load resource: the server responded with a status of 429 (Too Many Requests) @ http://localhost:4001/v2/auth/refresh:0
[   35392ms] [VERBOSE] [DOM] Input elements should have autocomplete attributes (suggested: "current-password"): (More info: https://goo.gl/9p2vKq) %o @ http://localhost:4011/login:0
[   35404ms] [INFO] %cDownload the React DevTools for a better development experience: https://react.dev/link/react-devtools font-weight:bold @ http://localhost:4011/_next/static/chunks/node_modules_next_dist_1e8vcs8._.js:776
[   35421ms] [LOG] [HMR] connected @ http://localhost:4011/_next/static/chunks/node_modules_next_dist_1e8vcs8._.js:776
[   35473ms] [WARNING] Image with src "/admin-background.jpg" is using quality "100" which is not configured in images.qualities [70, 70, 70, 70, 70, 70, 70, 70, 70, 70, 70, 70, 70, 70, 70, 70, 70, 70, 70, 70, 70, 70, 70, 70, 70, 70, 70, 70, 70, 70, 70, 70, 70, 70, 75]. Please update your config to [100, 70, 70, 70, 70, 70, 70, 70, 70, 70, 70, 70, 70, 70, 70, 70, 70, 70, 70, 70, 70, 70, 70, 70, 70, 70, 70, 70, 70, 70, 70, 70, 70, 70, 70, 75].
Read more: https://nextjs.org/docs/messages/next-image-unconfigured-qualities @ http://localhost:4011/_next/static/chunks/node_modules_next_dist_1e8vcs8._.js:776
[   35473ms] [WARNING] Image with src "/admin-background.jpg" has legacy prop "layout". Did you forget to run the codemod?
Read more: https://nextjs.org/docs/messages/next-image-upgrade-to-13 @ http://localhost:4011/_next/static/chunks/node_modules_next_dist_1e8vcs8._.js:776
[   35473ms] [WARNING] Image with src "/admin-background.jpg" has legacy prop "objectFit". Did you forget to run the codemod?
Read more: https://nextjs.org/docs/messages/next-image-upgrade-to-13 @ http://localhost:4011/_next/static/chunks/node_modules_next_dist_1e8vcs8._.js:776
[   35530ms] [ERROR] Failed to load resource: the server responded with a status of 401 (Unauthorized) @ http://localhost:4001/v2/auth/me:0
[   35533ms] [ERROR] Failed to load resource: the server responded with a status of 429 (Too Many Requests) @ http://localhost:4001/v2/auth/refresh:0
[   35551ms] [ERROR] Failed to load resource: the server responded with a status of 401 (Unauthorized) @ http://localhost:4001/v2/auth/me:0
[   35557ms] [ERROR] Failed to load resource: the server responded with a status of 429 (Too Many Requests) @ http://localhost:4001/v2/auth/refresh:0
[   35721ms] [VERBOSE] [DOM] Input elements should have autocomplete attributes (suggested: "current-password"): (More info: https://goo.gl/9p2vKq) %o @ http://localhost:4011/login:0
[   35729ms] [INFO] %cDownload the React DevTools for a better development experience: https://react.dev/link/react-devtools font-weight:bold @ http://localhost:4011/_next/static/chunks/node_modules_next_dist_1e8vcs8._.js:776
[   35752ms] [LOG] [HMR] connected @ http://localhost:4011/_next/static/chunks/node_modules_next_dist_1e8vcs8._.js:776
[   35802ms] [WARNING] Image with src "/admin-background.jpg" is using quality "100" which is not configured in images.qualities [70, 70, 70, 70, 70, 70, 70, 70, 70, 70, 70, 70, 70, 70, 70, 70, 70, 70, 70, 70, 70, 70, 70, 70, 70, 70, 70, 70, 70, 70, 70, 70, 70, 70, 75]. Please update your config to [100, 70, 70, 70, 70, 70, 70, 70, 70, 70, 70, 70, 70, 70, 70, 70, 70, 70, 70, 70, 70, 70, 70, 70, 70, 70, 70, 70, 70, 70, 70, 70, 70, 70, 70, 75].
Read more: https://nextjs.org/docs/messages/next-image-unconfigured-qualities @ http://localhost:4011/_next/static/chunks/node_modules_next_dist_1e8vcs8._.js:776
[   35802ms] [WARNING] Image with src "/admin-background.jpg" has legacy prop "layout". Did you forget to run the codemod?
Read more: https://nextjs.org/docs/messages/next-image-upgrade-to-13 @ http://localhost:4011/_next/static/chunks/node_modules_next_dist_1e8vcs8._.js:776
[   35802ms] [WARNING] Image with src "/admin-background.jpg" has legacy prop "objectFit". Did you forget to run the codemod?
Read more: https://nextjs.org/docs/messages/next-image-upgrade-to-13 @ http://localhost:4011/_next/static/chunks/node_modules_next_dist_1e8vcs8._.js:776
[   35861ms] [ERROR] Failed to load resource: the server responded with a status of 401 (Unauthorized) @ http://localhost:4001/v2/auth/me:0
[   35864ms] [ERROR] Failed to load resource: the server responded with a status of 401 (Unauthorized) @ http://localhost:4001/v2/auth/me:0
[   35865ms] [ERROR] Failed to load resource: the server responded with a status of 429 (Too Many Requests) @ http://localhost:4001/v2/auth/refresh:0
[   36139ms] [VERBOSE] [DOM] Input elements should have autocomplete attributes (suggested: "current-password"): (More info: https://goo.gl/9p2vKq) %o @ http://localhost:4011/login:0
[   36169ms] [INFO] %cDownload the React DevTools for a better development experience: https://react.dev/link/react-devtools font-weight:bold @ http://localhost:4011/_next/static/chunks/node_modules_next_dist_1e8vcs8._.js:776
[   36197ms] [LOG] [HMR] connected @ http://localhost:4011/_next/static/chunks/node_modules_next_dist_1e8vcs8._.js:776
[   36260ms] [WARNING] Image with src "/admin-background.jpg" is using quality "100" which is not configured in images.qualities [70, 70, 70, 70, 70, 70, 70, 70, 70, 70, 70, 70, 70, 70, 70, 70, 70, 70, 70, 70, 70, 70, 70, 70, 70, 70, 70, 70, 70, 70, 70, 70, 70, 70, 75]. Please update your config to [100, 70, 70, 70, 70, 70, 70, 70, 70, 70, 70, 70, 70, 70, 70, 70, 70, 70, 70, 70, 70, 70, 70, 70, 70, 70, 70, 70, 70, 70, 70, 70, 70, 70, 70, 75].
Read more: https://nextjs.org/docs/messages/next-image-unconfigured-qualities @ http://localhost:4011/_next/static/chunks/node_modules_next_dist_1e8vcs8._.js:776
[   36260ms] [WARNING] Image with src "/admin-background.jpg" has legacy prop "layout". Did you forget to run the codemod?
Read more: https://nextjs.org/docs/messages/next-image-upgrade-to-13 @ http://localhost:4011/_next/static/chunks/node_modules_next_dist_1e8vcs8._.js:776
[   36261ms] [WARNING] Image with src "/admin-background.jpg" has legacy prop "objectFit". Did you forget to run the codemod?
Read more: https://nextjs.org/docs/messages/next-image-upgrade-to-13 @ http://localhost:4011/_next/static/chunks/node_modules_next_dist_1e8vcs8._.js:776
[   36338ms] [ERROR] Failed to load resource: the server responded with a status of 401 (Unauthorized) @ http://localhost:4001/v2/auth/me:0
[   36339ms] [ERROR] Failed to load resource: the server responded with a status of 401 (Unauthorized) @ http://localhost:4001/v2/auth/me:0
[   36346ms] [ERROR] Failed to load resource: the server responded with a status of 429 (Too Many Requests) @ http://localhost:4001/v2/auth/refresh:0
[   36577ms] [VERBOSE] [DOM] Input elements should have autocomplete attributes (suggested: "current-password"): (More info: https://goo.gl/9p2vKq) %o @ http://localhost:4011/login:0
[   36599ms] [INFO] %cDownload the React DevTools for a better development experience: https://react.dev/link/react-devtools font-weight:bold @ http://localhost:4011/_next/static/chunks/node_modules_next_dist_1e8vcs8._.js:776
[   36625ms] [LOG] [HMR] connected @ http://localhost:4011/_next/static/chunks/node_modules_next_dist_1e8vcs8._.js:776
[   36666ms] [WARNING] Image with src "/admin-background.jpg" is using quality "100" which is not configured in images.qualities [70, 70, 70, 70, 70, 70, 70, 70, 70, 70, 70, 70, 70, 70, 70, 70, 70, 70, 70, 70, 70, 70, 70, 70, 70, 70, 70, 70, 70, 70, 70, 70, 70, 70, 75]. Please update your config to [100, 70, 70, 70, 70, 70, 70, 70, 70, 70, 70, 70, 70, 70, 70, 70, 70, 70, 70, 70, 70, 70, 70, 70, 70, 70, 70, 70, 70, 70, 70, 70, 70, 70, 70, 75].
Read more: https://nextjs.org/docs/messages/next-image-unconfigured-qualities @ http://localhost:4011/_next/static/chunks/node_modules_next_dist_1e8vcs8._.js:776
[   36667ms] [WARNING] Image with src "/admin-background.jpg" has legacy prop "layout". Did you forget to run the codemod?
Read more: https://nextjs.org/docs/messages/next-image-upgrade-to-13 @ http://localhost:4011/_next/static/chunks/node_modules_next_dist_1e8vcs8._.js:776
[   36667ms] [WARNING] Image with src "/admin-background.jpg" has legacy prop "objectFit". Did you forget to run the codemod?
Read more: https://nextjs.org/docs/messages/next-image-upgrade-to-13 @ http://localhost:4011/_next/static/chunks/node_modules_next_dist_1e8vcs8._.js:776
[   36710ms] [ERROR] Failed to load resource: the server responded with a status of 401 (Unauthorized) @ http://localhost:4001/v2/auth/me:0
[   36712ms] [ERROR] Failed to load resource: the server responded with a status of 401 (Unauthorized) @ http://localhost:4001/v2/auth/me:0
[   36713ms] [ERROR] Failed to load resource: the server responded with a status of 429 (Too Many Requests) @ http://localhost:4001/v2/auth/refresh:0
[   36810ms] [VERBOSE] [DOM] Input elements should have autocomplete attributes (suggested: "current-password"): (More info: https://goo.gl/9p2vKq) %o @ http://localhost:4011/login:0
[   36823ms] [INFO] %cDownload the React DevTools for a better development experience: https://react.dev/link/react-devtools font-weight:bold @ http://localhost:4011/_next/static/chunks/node_modules_next_dist_1e8vcs8._.js:776
[   36849ms] [LOG] [HMR] connected @ http://localhost:4011/_next/static/chunks/node_modules_next_dist_1e8vcs8._.js:776
[   36892ms] [WARNING] Image with src "/admin-background.jpg" is using quality "100" which is not configured in images.qualities [70, 70, 70, 70, 70, 70, 70, 70, 70, 70, 70, 70, 70, 70, 70, 70, 70, 70, 70, 70, 70, 70, 70, 70, 70, 70, 70, 70, 70, 70, 70, 70, 70, 70, 75]. Please update your config to [100, 70, 70, 70, 70, 70, 70, 70, 70, 70, 70, 70, 70, 70, 70, 70, 70, 70, 70, 70, 70, 70, 70, 70, 70, 70, 70, 70, 70, 70, 70, 70, 70, 70, 70, 75].
Read more: https://nextjs.org/docs/messages/next-image-unconfigured-qualities @ http://localhost:4011/_next/static/chunks/node_modules_next_dist_1e8vcs8._.js:776
[   36892ms] [WARNING] Image with src "/admin-background.jpg" has legacy prop "layout". Did you forget to run the codemod?
Read more: https://nextjs.org/docs/messages/next-image-upgrade-to-13 @ http://localhost:4011/_next/static/chunks/node_modules_next_dist_1e8vcs8._.js:776
[   36892ms] [WARNING] Image with src "/admin-background.jpg" has legacy prop "objectFit". Did you forget to run the codemod?
Read more: https://nextjs.org/docs/messages/next-image-upgrade-to-13 @ http://localhost:4011/_next/static/chunks/node_modules_next_dist_1e8vcs8._.js:776
[   36937ms] [ERROR] Failed to load resource: the server responded with a status of 401 (Unauthorized) @ http://localhost:4001/v2/auth/me:0
[   36938ms] [ERROR] Failed to load resource: the server responded with a status of 401 (Unauthorized) @ http://localhost:4001/v2/auth/me:0
[   36946ms] [ERROR] Failed to load resource: the server responded with a status of 429 (Too Many Requests) @ http://localhost:4001/v2/auth/refresh:0
[   37224ms] [VERBOSE] [DOM] Input elements should have autocomplete attributes (suggested: "current-password"): (More info: https://goo.gl/9p2vKq) %o @ http://localhost:4011/login:0
[   37250ms] [INFO] %cDownload the React DevTools for a better development experience: https://react.dev/link/react-devtools font-weight:bold @ http://localhost:4011/_next/static/chunks/node_modules_next_dist_1e8vcs8._.js:776
[   37265ms] [LOG] [HMR] connected @ http://localhost:4011/_next/static/chunks/node_modules_next_dist_1e8vcs8._.js:776
[   37334ms] [WARNING] Image with src "/admin-background.jpg" is using quality "100" which is not configured in images.qualities [70, 70, 70, 70, 70, 70, 70, 70, 70, 70, 70, 70, 70, 70, 70, 70, 70, 70, 70, 70, 70, 70, 70, 70, 70, 70, 70, 70, 70, 70, 70, 70, 70, 70, 75]. Please update your config to [100, 70, 70, 70, 70, 70, 70, 70, 70, 70, 70, 70, 70, 70, 70, 70, 70, 70, 70, 70, 70, 70, 70, 70, 70, 70, 70, 70, 70, 70, 70, 70, 70, 70, 70, 75].
Read more: https://nextjs.org/docs/messages/next-image-unconfigured-qualities @ http://localhost:4011/_next/static/chunks/node_modules_next_dist_1e8vcs8._.js:776
[   37335ms] [WARNING] Image with src "/admin-background.jpg" has legacy prop "layout". Did you forget to run the codemod?
Read more: https://nextjs.org/docs/messages/next-image-upgrade-to-13 @ http://localhost:4011/_next/static/chunks/node_modules_next_dist_1e8vcs8._.js:776
[   37335ms] [WARNING] Image with src "/admin-background.jpg" has legacy prop "objectFit". Did you forget to run the codemod?
Read more: https://nextjs.org/docs/messages/next-image-upgrade-to-13 @ http://localhost:4011/_next/static/chunks/node_modules_next_dist_1e8vcs8._.js:776
[   37383ms] [ERROR] Failed to load resource: the server responded with a status of 401 (Unauthorized) @ http://localhost:4001/v2/auth/me:0
[   37384ms] [ERROR] Failed to load resource: the server responded with a status of 401 (Unauthorized) @ http://localhost:4001/v2/auth/me:0
[   37387ms] [ERROR] Failed to load resource: the server responded with a status of 429 (Too Many Requests) @ http://localhost:4001/v2/auth/refresh:0
[   37614ms] [VERBOSE] [DOM] Input elements should have autocomplete attributes (suggested: "current-password"): (More info: https://goo.gl/9p2vKq) %o @ http://localhost:4011/login:0
[   37629ms] [INFO] %cDownload the React DevTools for a better development experience: https://react.dev/link/react-devtools font-weight:bold @ http://localhost:4011/_next/static/chunks/node_modules_next_dist_1e8vcs8._.js:776
[   37647ms] [LOG] [HMR] connected @ http://localhost:4011/_next/static/chunks/node_modules_next_dist_1e8vcs8._.js:776
[   37708ms] [WARNING] Image with src "/admin-background.jpg" is using quality "100" which is not configured in images.qualities [70, 70, 70, 70, 70, 70, 70, 70, 70, 70, 70, 70, 70, 70, 70, 70, 70, 70, 70, 70, 70, 70, 70, 70, 70, 70, 70, 70, 70, 70, 70, 70, 70, 70, 75]. Please update your config to [100, 70, 70, 70, 70, 70, 70, 70, 70, 70, 70, 70, 70, 70, 70, 70, 70, 70, 70, 70, 70, 70, 70, 70, 70, 70, 70, 70, 70, 70, 70, 70, 70, 70, 70, 75].
Read more: https://nextjs.org/docs/messages/next-image-unconfigured-qualities @ http://localhost:4011/_next/static/chunks/node_modules_next_dist_1e8vcs8._.js:776
[   37709ms] [WARNING] Image with src "/admin-background.jpg" has legacy prop "layout". Did you forget to run the codemod?
Read more: https://nextjs.org/docs/messages/next-image-upgrade-to-13 @ http://localhost:4011/_next/static/chunks/node_modules_next_dist_1e8vcs8._.js:776
[   37709ms] [WARNING] Image with src "/admin-background.jpg" has legacy prop "objectFit". Did you forget to run the codemod?
Read more: https://nextjs.org/docs/messages/next-image-upgrade-to-13 @ http://localhost:4011/_next/static/chunks/node_modules_next_dist_1e8vcs8._.js:776
[   37767ms] [ERROR] Failed to load resource: the server responded with a status of 401 (Unauthorized) @ http://localhost:4001/v2/auth/me:0
[   37769ms] [ERROR] Failed to load resource: the server responded with a status of 401 (Unauthorized) @ http://localhost:4001/v2/auth/me:0
[   37770ms] [ERROR] Failed to load resource: the server responded with a status of 429 (Too Many Requests) @ http://localhost:4001/v2/auth/refresh:0
[   37968ms] [VERBOSE] [DOM] Input elements should have autocomplete attributes (suggested: "current-password"): (More info: https://goo.gl/9p2vKq) %o @ http://localhost:4011/login:0
[   37980ms] [INFO] %cDownload the React DevTools for a better development experience: https://react.dev/link/react-devtools font-weight:bold @ http://localhost:4011/_next/static/chunks/node_modules_next_dist_1e8vcs8._.js:776
[   38002ms] [LOG] [HMR] connected @ http://localhost:4011/_next/static/chunks/node_modules_next_dist_1e8vcs8._.js:776
[   38055ms] [WARNING] Image with src "/admin-background.jpg" is using quality "100" which is not configured in images.qualities [70, 70, 70, 70, 70, 70, 70, 70, 70, 70, 70, 70, 70, 70, 70, 70, 70, 70, 70, 70, 70, 70, 70, 70, 70, 70, 70, 70, 70, 70, 70, 70, 70, 70, 75]. Please update your config to [100, 70, 70, 70, 70, 70, 70, 70, 70, 70, 70, 70, 70, 70, 70, 70, 70, 70, 70, 70, 70, 70, 70, 70, 70, 70, 70, 70, 70, 70, 70, 70, 70, 70, 70, 75].
Read more: https://nextjs.org/docs/messages/next-image-unconfigured-qualities @ http://localhost:4011/_next/static/chunks/node_modules_next_dist_1e8vcs8._.js:776
[   38056ms] [WARNING] Image with src "/admin-background.jpg" has legacy prop "layout". Did you forget to run the codemod?
Read more: https://nextjs.org/docs/messages/next-image-upgrade-to-13 @ http://localhost:4011/_next/static/chunks/node_modules_next_dist_1e8vcs8._.js:776
[   38056ms] [WARNING] Image with src "/admin-background.jpg" has legacy prop "objectFit". Did you forget to run the codemod?
Read more: https://nextjs.org/docs/messages/next-image-upgrade-to-13 @ http://localhost:4011/_next/static/chunks/node_modules_next_dist_1e8vcs8._.js:776
[   38104ms] [ERROR] Failed to load resource: the server responded with a status of 401 (Unauthorized) @ http://localhost:4001/v2/auth/me:0
[   38107ms] [ERROR] Failed to load resource: the server responded with a status of 401 (Unauthorized) @ http://localhost:4001/v2/auth/me:0
[   38107ms] [ERROR] Failed to load resource: the server responded with a status of 429 (Too Many Requests) @ http://localhost:4001/v2/auth/refresh:0
[   38361ms] [VERBOSE] [DOM] Input elements should have autocomplete attributes (suggested: "current-password"): (More info: https://goo.gl/9p2vKq) %o @ http://localhost:4011/login:0
[   38374ms] [INFO] %cDownload the React DevTools for a better development experience: https://react.dev/link/react-devtools font-weight:bold @ http://localhost:4011/_next/static/chunks/node_modules_next_dist_1e8vcs8._.js:776
[   38402ms] [LOG] [HMR] connected @ http://localhost:4011/_next/static/chunks/node_modules_next_dist_1e8vcs8._.js:776
[   38460ms] [WARNING] Image with src "/admin-background.jpg" is using quality "100" which is not configured in images.qualities [70, 70, 70, 70, 70, 70, 70, 70, 70, 70, 70, 70, 70, 70, 70, 70, 70, 70, 70, 70, 70, 70, 70, 70, 70, 70, 70, 70, 70, 70, 70, 70, 70, 70, 75]. Please update your config to [100, 70, 70, 70, 70, 70, 70, 70, 70, 70, 70, 70, 70, 70, 70, 70, 70, 70, 70, 70, 70, 70, 70, 70, 70, 70, 70, 70, 70, 70, 70, 70, 70, 70, 70, 75].
Read more: https://nextjs.org/docs/messages/next-image-unconfigured-qualities @ http://localhost:4011/_next/static/chunks/node_modules_next_dist_1e8vcs8._.js:776
[   38460ms] [WARNING] Image with src "/admin-background.jpg" has legacy prop "layout". Did you forget to run the codemod?
Read more: https://nextjs.org/docs/messages/next-image-upgrade-to-13 @ http://localhost:4011/_next/static/chunks/node_modules_next_dist_1e8vcs8._.js:776
[   38461ms] [WARNING] Image with src "/admin-background.jpg" has legacy prop "objectFit". Did you forget to run the codemod?
Read more: https://nextjs.org/docs/messages/next-image-upgrade-to-13 @ http://localhost:4011/_next/static/chunks/node_modules_next_dist_1e8vcs8._.js:776
[   38523ms] [ERROR] Failed to load resource: the server responded with a status of 401 (Unauthorized) @ http://localhost:4001/v2/auth/me:0
[   38526ms] [ERROR] Failed to load resource: the server responded with a status of 401 (Unauthorized) @ http://localhost:4001/v2/auth/me:0
[   38527ms] [ERROR] Failed to load resource: the server responded with a status of 429 (Too Many Requests) @ http://localhost:4001/v2/auth/refresh:0
[   38709ms] [VERBOSE] [DOM] Input elements should have autocomplete attributes (suggested: "current-password"): (More info: https://goo.gl/9p2vKq) %o @ http://localhost:4011/login:0
[   38724ms] [INFO] %cDownload the React DevTools for a better development experience: https://react.dev/link/react-devtools font-weight:bold @ http://localhost:4011/_next/static/chunks/node_modules_next_dist_1e8vcs8._.js:776
[   38744ms] [LOG] [HMR] connected @ http://localhost:4011/_next/static/chunks/node_modules_next_dist_1e8vcs8._.js:776
[   38809ms] [WARNING] Image with src "/admin-background.jpg" is using quality "100" which is not configured in images.qualities [70, 70, 70, 70, 70, 70, 70, 70, 70, 70, 70, 70, 70, 70, 70, 70, 70, 70, 70, 70, 70, 70, 70, 70, 70, 70, 70, 70, 70, 70, 70, 70, 70, 70, 75]. Please update your config to [100, 70, 70, 70, 70, 70, 70, 70, 70, 70, 70, 70, 70, 70, 70, 70, 70, 70, 70, 70, 70, 70, 70, 70, 70, 70, 70, 70, 70, 70, 70, 70, 70, 70, 70, 75].
Read more: https://nextjs.org/docs/messages/next-image-unconfigured-qualities @ http://localhost:4011/_next/static/chunks/node_modules_next_dist_1e8vcs8._.js:776
[   38810ms] [WARNING] Image with src "/admin-background.jpg" has legacy prop "layout". Did you forget to run the codemod?
Read more: https://nextjs.org/docs/messages/next-image-upgrade-to-13 @ http://localhost:4011/_next/static/chunks/node_modules_next_dist_1e8vcs8._.js:776
[   38810ms] [WARNING] Image with src "/admin-background.jpg" has legacy prop "objectFit". Did you forget to run the codemod?
Read more: https://nextjs.org/docs/messages/next-image-upgrade-to-13 @ http://localhost:4011/_next/static/chunks/node_modules_next_dist_1e8vcs8._.js:776
[   38859ms] [ERROR] Failed to load resource: the server responded with a status of 401 (Unauthorized) @ http://localhost:4001/v2/auth/me:0
[   38862ms] [ERROR] Failed to load resource: the server responded with a status of 401 (Unauthorized) @ http://localhost:4001/v2/auth/me:0
[   38862ms] [ERROR] Failed to load resource: the server responded with a status of 429 (Too Many Requests) @ http://localhost:4001/v2/auth/refresh:0
[   39072ms] [VERBOSE] [DOM] Input elements should have autocomplete attributes (suggested: "current-password"): (More info: https://goo.gl/9p2vKq) %o @ http://localhost:4011/login:0
[   39091ms] [INFO] %cDownload the React DevTools for a better development experience: https://react.dev/link/react-devtools font-weight:bold @ http://localhost:4011/_next/static/chunks/node_modules_next_dist_1e8vcs8._.js:776
[   39108ms] [LOG] [HMR] connected @ http://localhost:4011/_next/static/chunks/node_modules_next_dist_1e8vcs8._.js:776
[   39171ms] [ERROR] Can't perform a React state update on a component that hasn't mounted yet. This indicates that you have a side-effect in your render function that asynchronously tries to update the component. Move this work to useEffect instead. @ http://localhost:4011/_next/static/chunks/node_modules_next_dist_1e8vcs8._.js:1052
[   39241ms] [WARNING] Image with src "/admin-background.jpg" is using quality "100" which is not configured in images.qualities [70, 70, 70, 70, 70, 70, 70, 70, 70, 70, 70, 70, 70, 70, 70, 70, 70, 70, 70, 70, 70, 70, 70, 70, 70, 70, 70, 70, 70, 70, 70, 70, 70, 70, 75]. Please update your config to [100, 70, 70, 70, 70, 70, 70, 70, 70, 70, 70, 70, 70, 70, 70, 70, 70, 70, 70, 70, 70, 70, 70, 70, 70, 70, 70, 70, 70, 70, 70, 70, 70, 70, 70, 75].
Read more: https://nextjs.org/docs/messages/next-image-unconfigured-qualities @ http://localhost:4011/_next/static/chunks/node_modules_next_dist_1e8vcs8._.js:776
[   39241ms] [WARNING] Image with src "/admin-background.jpg" has legacy prop "layout". Did you forget to run the codemod?
Read more: https://nextjs.org/docs/messages/next-image-upgrade-to-13 @ http://localhost:4011/_next/static/chunks/node_modules_next_dist_1e8vcs8._.js:776
[   39241ms] [WARNING] Image with src "/admin-background.jpg" has legacy prop "objectFit". Did you forget to run the codemod?
Read more: https://nextjs.org/docs/messages/next-image-upgrade-to-13 @ http://localhost:4011/_next/static/chunks/node_modules_next_dist_1e8vcs8._.js:776
[   39261ms] Error: Hydration failed because the server rendered HTML didn't match the client. As a result this tree will be regenerated on the client. This can happen if a SSR-ed Client Component used:

- A server/client branch `if (typeof window !== 'undefined')`.
- Variable input such as `Date.now()` or `Math.random()` which changes each time it's called.
- Date formatting in a user's locale which doesn't match the server.
- External changing data without sending a snapshot of it along with the HTML.
- Invalid HTML tag nesting.

It can also happen if the client has a browser extension installed which messes with the HTML before React loaded.

https://react.dev/link/hydration-mismatch

  ...
    <ThemeProvider theme={{...}}>
      <RtlProvider value={false}>
        <DefaultPropsProvider value={{...}}>
          <UploadingProvider>
            <Styled(Component) open={false} transitionDuration={300}>
              <Insertion>
              <Backdrop open={false} transitionDuration={300} className="css-1xcwhj1">
                <Fade in={false} timeout={300} ref={null} ownerState={{open:false, ...}}>
                  <Transition appear={true} in={false} nodeRef={{current:null}} onEnter={function} onEntered={function} ...>
                    <MuiBackdrop-root aria-hidden={true} className="MuiBackdro..." as="div" ...>
                      <Insertion>
                      <div
+                       aria-hidden={true}
-                       aria-hidden={null}
+                       className="MuiBackdrop-root css-15jtbsd-MuiBackdrop-root"
-                       className={null}
+                       style={{opacity:0,visibility:"hidden"}}
-                       style={{}}
                        ref={function useForkRef.useMemo}
-                       hidden=""
                      >
                        ...
                          <Styled(Component) elevation={10} style={{opacity:0, ...}} ref={function useForkRef.useMemo}>
                            <Insertion>
                            <Paper elevation={10} style={{opacity:0, ...}} className="css-1j3hrs1" ...>
                              <MuiPaper-root as="div" ownerState={{elevation:10, ...}} className="MuiPaper-r..." ...>
                                <Insertion>
+                               <div
+                                 className="MuiPaper-root MuiPaper-elevation MuiPaper-rounded MuiPaper-elevation10 cs..."
+                                 style={{--Paper-shadow:"0px 7px 15...",opacity:0,visibility:"hidden"}}
+                                 ref={function useForkRef.useMemo}
+                               >
-                               <Suspense>
            ...

    at throwOnHydrationMismatch (http://localhost:4011/_next/static/chunks/node_modules_next_dist_compiled_react-dom_096_9a-._.js:3120:56)
    at beginWork (http://localhost:4011/_next/static/chunks/node_modules_next_dist_compiled_react-dom_096_9a-._.js:6585:918)
    at runWithFiberInDEV (http://localhost:4011/_next/static/chunks/node_modules_next_dist_compiled_react-dom_096_9a-._.js:761:74)
    at performUnitOfWork (http://localhost:4011/_next/static/chunks/node_modules_next_dist_compiled_react-dom_096_9a-._.js:9385:97)
    at workLoopConcurrentByScheduler (http://localhost:4011/_next/static/chunks/node_modules_next_dist_compiled_react-dom_096_9a-._.js:9381:58)
    at renderRootConcurrent (http://localhost:4011/_next/static/chunks/node_modules_next_dist_compiled_react-dom_096_9a-._.js:9364:71)
    at performWorkOnRoot (http://localhost:4011/_next/static/chunks/node_modules_next_dist_compiled_react-dom_096_9a-._.js:8891:150)
    at performWorkOnRootViaSchedulerTask (http://localhost:4011/_next/static/chunks/node_modules_next_dist_compiled_react-dom_096_9a-._.js:10085:9)
    at MessagePort.performWorkUntilDeadline (http://localhost:4011/_next/static/chunks/node_modules_next_dist_compiled_1amofcm._.js:2647:64)
[   39291ms] [ERROR] Failed to load resource: the server responded with a status of 401 (Unauthorized) @ http://localhost:4001/v2/auth/me:0
[   39291ms] [ERROR] Failed to load resource: the server responded with a status of 401 (Unauthorized) @ http://localhost:4001/v2/auth/me:0
[   39298ms] [ERROR] Failed to load resource: the server responded with a status of 429 (Too Many Requests) @ http://localhost:4001/v2/auth/refresh:0
[   39360ms] [VERBOSE] [DOM] Input elements should have autocomplete attributes (suggested: "current-password"): (More info: https://goo.gl/9p2vKq) %o @ http://localhost:4011/login:0
[   39430ms] [VERBOSE] [DOM] Input elements should have autocomplete attributes (suggested: "current-password"): (More info: https://goo.gl/9p2vKq) %o @ http://localhost:4011/login:0
[   39446ms] [INFO] %cDownload the React DevTools for a better development experience: https://react.dev/link/react-devtools font-weight:bold @ http://localhost:4011/_next/static/chunks/node_modules_next_dist_1e8vcs8._.js:776
[   39467ms] [LOG] [HMR] connected @ http://localhost:4011/_next/static/chunks/node_modules_next_dist_1e8vcs8._.js:776
[   39533ms] [WARNING] Image with src "/admin-background.jpg" is using quality "100" which is not configured in images.qualities [70, 70, 70, 70, 70, 70, 70, 70, 70, 70, 70, 70, 70, 70, 70, 70, 70, 70, 70, 70, 70, 70, 70, 70, 70, 70, 70, 70, 70, 70, 70, 70, 70, 70, 75]. Please update your config to [100, 70, 70, 70, 70, 70, 70, 70, 70, 70, 70, 70, 70, 70, 70, 70, 70, 70, 70, 70, 70, 70, 70, 70, 70, 70, 70, 70, 70, 70, 70, 70, 70, 70, 70, 75].
Read more: https://nextjs.org/docs/messages/next-image-unconfigured-qualities @ http://localhost:4011/_next/static/chunks/node_modules_next_dist_1e8vcs8._.js:776
[   39533ms] [WARNING] Image with src "/admin-background.jpg" has legacy prop "layout". Did you forget to run the codemod?
Read more: https://nextjs.org/docs/messages/next-image-upgrade-to-13 @ http://localhost:4011/_next/static/chunks/node_modules_next_dist_1e8vcs8._.js:776
[   39533ms] [WARNING] Image with src "/admin-background.jpg" has legacy prop "objectFit". Did you forget to run the codemod?
Read more: https://nextjs.org/docs/messages/next-image-upgrade-to-13 @ http://localhost:4011/_next/static/chunks/node_modules_next_dist_1e8vcs8._.js:776
[   39579ms] [ERROR] Failed to load resource: the server responded with a status of 401 (Unauthorized) @ http://localhost:4001/v2/auth/me:0
[   39580ms] [ERROR] Failed to load resource: the server responded with a status of 401 (Unauthorized) @ http://localhost:4001/v2/auth/me:0
[   39582ms] [ERROR] Failed to load resource: the server responded with a status of 429 (Too Many Requests) @ http://localhost:4001/v2/auth/refresh:0
[   40380ms] [LOG] [Fast Refresh] rebuilding @ http://localhost:4011/_next/static/chunks/node_modules_next_dist_1e8vcs8._.js:776
[   40426ms] [LOG] [Fast Refresh] done in 44ms @ http://localhost:4011/_next/static/chunks/node_modules_next_dist_1e8vcs8._.js:776
[   40513ms] [LOG] [Fast Refresh] done in 44ms @ http://localhost:4011/_next/static/chunks/node_modules_next_dist_1e8vcs8._.js:776
[   40513ms] [VERBOSE] [DOM] Input elements should have autocomplete attributes (suggested: "current-password"): (More info: https://goo.gl/9p2vKq) %o @ http://localhost:4011/login:0
[   40759ms] [LOG] [Fast Refresh] rebuilding @ http://localhost:4011/_next/static/chunks/node_modules_next_dist_1e8vcs8._.js:776
[   40762ms] [WARNING] [Fast Refresh] performing full reload

Fast Refresh will perform a full reload when you edit a file that's imported by modules outside of the React rendering tree.
You might have a file which exports a React component but also exports a value that is imported by a non-React component file.
Consider migrating the non-React component export to a separate file and importing it into both files.

It is also possible the parent component of the component you edited is a class component, which disables Fast Refresh.
Fast Refresh requires at least one parent function component in your React tree. @ http://localhost:4011/_next/static/chunks/node_modules_next_dist_1e8vcs8._.js:776
[   40812ms] [LOG] [Fast Refresh] done in 34ms @ http://localhost:4011/_next/static/chunks/node_modules_next_dist_1e8vcs8._.js:776
[   41010ms] [LOG] [Fast Refresh] done in 34ms @ http://localhost:4011/_next/static/chunks/node_modules_next_dist_1e8vcs8._.js:776
[   41280ms] [VERBOSE] [DOM] Input elements should have autocomplete attributes (suggested: "current-password"): (More info: https://goo.gl/9p2vKq) %o @ http://localhost:4011/login:0
[   41374ms] [INFO] %cDownload the React DevTools for a better development experience: https://react.dev/link/react-devtools font-weight:bold @ http://localhost:4011/_next/static/chunks/node_modules_next_dist_1e8vcs8._.js:776
[   41401ms] [LOG] [HMR] connected @ http://localhost:4011/_next/static/chunks/node_modules_next_dist_1e8vcs8._.js:776
[   41528ms] Error: Hydration failed because the server rendered HTML didn't match the client. As a result this tree will be regenerated on the client. This can happen if a SSR-ed Client Component used:

- A server/client branch `if (typeof window !== 'undefined')`.
- Variable input such as `Date.now()` or `Math.random()` which changes each time it's called.
- Date formatting in a user's locale which doesn't match the server.
- External changing data without sending a snapshot of it along with the HTML.
- Invalid HTML tag nesting.

It can also happen if the client has a browser extension installed which messes with the HTML before React loaded.

https://react.dev/link/hydration-mismatch

  ...
    <ThemeProvider theme={{...}}>
      <RtlProvider value={false}>
        <DefaultPropsProvider value={{...}}>
          <UploadingProvider>
            <Styled(Component) open={false} transitionDuration={300}>
              <Insertion>
              <Backdrop open={false} transitionDuration={300} className="css-1xcwhj1">
                <Fade in={false} timeout={300} ref={null} ownerState={{open:false, ...}}>
                  <Transition appear={true} in={false} nodeRef={{current:null}} onEnter={function} onEntered={function} ...>
                    <MuiBackdrop-root aria-hidden={true} className="MuiBackdro..." as="div" ...>
                      <Insertion>
+                     <div
+                       aria-hidden={true}
+                       className="MuiBackdrop-root css-15jtbsd-MuiBackdrop-root"
+                       style={{opacity:0,visibility:"hidden"}}
+                       ref={function useForkRef.useMemo}
+                     >
-                     <style data-emotion="css 1xcwhj1" data-s="">
            ...

    at throwOnHydrationMismatch (http://localhost:4011/_next/static/chunks/node_modules_next_dist_compiled_react-dom_096_9a-._.js:3120:56)
    at beginWork (http://localhost:4011/_next/static/chunks/node_modules_next_dist_compiled_react-dom_096_9a-._.js:6585:918)
    at runWithFiberInDEV (http://localhost:4011/_next/static/chunks/node_modules_next_dist_compiled_react-dom_096_9a-._.js:761:74)
    at performUnitOfWork (http://localhost:4011/_next/static/chunks/node_modules_next_dist_compiled_react-dom_096_9a-._.js:9385:97)
    at workLoopConcurrentByScheduler (http://localhost:4011/_next/static/chunks/node_modules_next_dist_compiled_react-dom_096_9a-._.js:9381:58)
    at renderRootConcurrent (http://localhost:4011/_next/static/chunks/node_modules_next_dist_compiled_react-dom_096_9a-._.js:9364:71)
    at performWorkOnRoot (http://localhost:4011/_next/static/chunks/node_modules_next_dist_compiled_react-dom_096_9a-._.js:8891:150)
    at performWorkOnRootViaSchedulerTask (http://localhost:4011/_next/static/chunks/node_modules_next_dist_compiled_react-dom_096_9a-._.js:10085:9)
    at MessagePort.performWorkUntilDeadline (http://localhost:4011/_next/static/chunks/node_modules_next_dist_compiled_1amofcm._.js:2647:64)
[   41556ms] [VERBOSE] [DOM] Input elements should have autocomplete attributes (suggested: "current-password"): (More info: https://goo.gl/9p2vKq) %o @ http://localhost:4011/login:0
[   41564ms] [ERROR] Failed to load resource: the server responded with a status of 401 (Unauthorized) @ http://localhost:4001/v2/auth/me:0
[   41567ms] [ERROR] Failed to load resource: the server responded with a status of 401 (Unauthorized) @ http://localhost:4001/v2/auth/me:0
[   41570ms] [ERROR] Failed to load resource: the server responded with a status of 429 (Too Many Requests) @ http://localhost:4001/v2/auth/refresh:0
